"","(Intercept)","beta_1","alpha_1","pi"
"1",0.603865725243094,0.261114778385184,0.426643408668665,0.3928343320344
"2",0.434247128290894,0.250562589055049,0.510105299367067,0.405600365285472
"3",0.670688656244975,0.314822913108451,0.363211781996578,0.470117353622449
"4",0.610758305175871,0.301509471823006,0.390096513210572,0.400602860808822
"5",0.587183196978902,0.267129529137534,0.457976752195992,0.357977370577319
"6",0.51231111079861,0.308591895420156,0.445306802798594,0.345353835109016
"7",0.844005041813546,0.248811850145411,0.315939034937202,0.37185130906288
"8",0.687633781600979,0.302447277024122,0.372179494930377,0.377920176863808
"9",0.584511161741102,0.337994348927773,0.359625061944844,0.368140875127041
"10",0.538289747516986,0.315176515662163,0.397487654520158,0.396953420379771
"11",0.625650869459549,0.305085420665465,0.363596544681816,0.428670471089468
"12",0.47876427745847,0.334999439980412,0.404701019864117,0.364812646247738
"13",0.773096971436795,0.284591327537991,0.328688721905795,0.390775867402241
"14",0.465612938081362,0.237456953852274,0.524175514350659,0.427772211001455
"15",0.58585921049697,0.280364368914464,0.432673553916881,0.350254664798436
"16",0.66441489247833,0.306949700929728,0.378197587539358,0.430441478562381
"17",0.614266903879833,0.306894339774148,0.378321272866703,0.325820844147527
"18",0.63449550428787,0.303531703112317,0.396686824543085,0.448076555124467
"19",0.692700056785563,0.330507816632075,0.326843100340017,0.457122468078235
"20",0.815399588883288,0.301839071223598,0.287459380062432,0.374501523029374
"21",0.574697226090366,0.241667542477819,0.489815846304894,0.411033693547363
"22",0.681155293458723,0.319922986872888,0.347111647348317,0.408057229292949
"23",0.541138714852869,0.287807600031113,0.436685492762657,0.399013082252297
"24",0.495890530738511,0.355042305652415,0.405699874059083,0.378505290187547
"25",0.643861984639291,0.313931523478241,0.369641836646747,0.403329350055215
"26",0.571051530116875,0.337355726198693,0.374280044940435,0.377350081346692
"27",0.655753372408745,0.328858822936545,0.358732709731866,0.308269352555968
"28",0.648074399351691,0.260720601148822,0.41061582345784,0.36529509277206
"29",0.690159734866738,0.309461922423096,0.345490049299885,0.413151102423844
"30",0.588185428523953,0.3095450413205,0.384523450051703,0.401795736402768
"31",0.656842697929487,0.286651384364034,0.391466470615153,0.387605399375194
"32",0.546845549667669,0.270002659423326,0.466148576611513,0.487537587249708
"33",0.535130289657938,0.301248053709227,0.439141558285833,0.357295190016185
"34",0.88715359583874,0.288904117590776,0.277811040868786,0.352578027860499
"35",0.640182957412398,0.33718849182535,0.33522324556062,0.408609323980233
"36",0.7977437446811,0.317391666163671,0.300051848563947,0.393862967859603
"37",0.669960606035372,0.245060274304398,0.40847680434175,0.43909116019948
"38",0.678593032707365,0.291849817161032,0.353197906346351,0.34469074197412
"39",0.597913346260317,0.257429140117986,0.418090154115621,0.412581740798205
"40",0.532029824340291,0.291270181785063,0.444755289279755,0.460760414697554
"41",0.769698088258114,0.31744625966112,0.288411118305283,0.376580208837691
"42",0.432525947967736,0.302647998696715,0.477350204686093,0.339286093025067
"43",0.544392702313917,0.291082930273574,0.445265486150024,0.381027203256167
"44",0.443634145702187,0.244133432004776,0.524921073632223,0.480474610503583
"45",0.929881743829132,0.292358210319775,0.239390060431205,0.476851717336772
"46",0.550588699678441,0.311707216631737,0.406665554164978,0.329270036725028
"47",0.60063038338209,0.296582428698367,0.409264014729187,0.355966425409498
"48",0.717134095778237,0.262356414458177,0.371328942909479,0.366982118541537
"49",0.612113995209496,0.246437695041466,0.441126900681197,0.440709216601106
"50",0.761498327460608,0.297817277439324,0.317764016592168,0.463953497770114
"51",0.412898804203232,0.27789692929448,0.519568169278791,0.393661592358686
"52",0.521084721135277,0.263794526452579,0.451139279853501,0.388894184692967
"53",0.605462976595146,0.26979122369645,0.414184853916847,0.406697515700486
"54",0.673540436536868,0.336680029413976,0.32889189552617,0.415548530939047
"55",0.713028100172853,0.303099654139481,0.353086761720373,0.435396808259405
"56",0.485505325576277,0.29415160005497,0.471471696310203,0.400587447157012
"57",0.648766729028398,0.323260066831708,0.339213015548811,0.385693419754562
"58",0.576739216015742,0.33297795063876,0.398938926076367,0.360034516268497
"59",0.483122186793057,0.293046466247718,0.480132971635543,0.362917524372924
"60",0.70496080588825,0.289250345295735,0.328999566560673,0.390872432867964
"61",0.58545236269784,0.301907383708713,0.388549317701113,0.476173685149416
"62",0.654716492093334,0.332956416930465,0.365040511130939,0.442311832614397
"63",0.601091398617388,0.280605502957526,0.451313471325391,0.376245044487367
"64",0.476943366403159,0.289927692172597,0.469628485245472,0.384670139853842
"65",0.531075015796103,0.304135789909539,0.417232608855987,0.363015619214989
"66",0.764371613753994,0.330177764350464,0.324718676558609,0.459739404915629
"67",0.55020538666214,0.244049601696141,0.501875180646852,0.396600120917954
"68",0.741387805436513,0.292476631539295,0.319302288264734,0.48086222343215
"69",0.62012470751937,0.319096203570909,0.344017413649128,0.390532552170197
"70",0.577127517672544,0.36925209788222,0.353912073524673,0.345668791753144
"71",0.598084282649053,0.355902068492254,0.361373070780546,0.463043988069161
"72",0.71977426452252,0.280416846451191,0.333262622768638,0.322170426878125
"73",0.486174125996728,0.290953637552926,0.437007451162828,0.347824104667605
"74",0.645489100917714,0.295897968070325,0.386755520642899,0.41728385438404
"75",0.589733041915563,0.334402847119067,0.3676957868744,0.36731061029107
"76",0.535157127853176,0.301041095467571,0.434787689789511,0.446969204629973
"77",0.762664033687022,0.319727310068184,0.302885323302084,0.428243211370184
"78",0.695478731018183,0.299097638886847,0.339984787681559,0.394090069403052
"79",0.708302710546619,0.307536246559548,0.340829671231842,0.359370022031824
"80",0.402746539106112,0.214692446388566,0.585252817794773,0.424891030914248
"81",0.458611611680817,0.237069045410926,0.521287714106074,0.424291501521508
"82",0.708412798484213,0.307941518646603,0.306492574521779,0.398683752708102
"83",0.605821559621852,0.274469342026734,0.446953077725423,0.404627946490597
"84",0.704369815759444,0.320354610555816,0.336978391607629,0.381630373529081
"85",0.80556689766358,0.301691071333719,0.325822770095177,0.448875666508455
"86",0.704084831234781,0.30561300878583,0.352469290031285,0.36369286593558
"87",0.712368525790334,0.305966117391672,0.350610841335469,0.420745941991869
"88",0.427655020376186,0.289194490028277,0.498755894234855,0.369354626106212
"89",0.61471134076646,0.283575808289065,0.425373415099109,0.364732385413718
"90",0.77425851057838,0.314050155545481,0.313982357713976,0.450444473793793
"91",0.609371562631109,0.307698765251374,0.359585843631837,0.41879079075292
"92",0.632628376796036,0.272208990207779,0.401173629580586,0.37882573618323
"93",0.794520147333802,0.313644021930648,0.297520751921299,0.381988887262052
"94",0.483552423220333,0.280843392028759,0.470357712812323,0.417844017727052
"95",0.638690721004417,0.286782289126046,0.370163216495976,0.442274994178539
"96",0.639870860590025,0.308187756133853,0.398892988527047,0.433013271329135
"97",0.514542867943696,0.236132218336097,0.489376223643121,0.377734569564491
"98",0.619779786423818,0.301070300551543,0.346478001542046,0.272421073508995
"99",0.561148735437967,0.323826571556141,0.408841204237807,0.373781728346855
"100",0.684377098669661,0.266164211038185,0.395987538701869,0.397649584991405
"101",0.708022449090524,0.302006178069967,0.327828792565475,0.415198947567615
"102",0.471746269081275,0.270562138679856,0.472909586875888,0.39424969841494
"103",0.610741218257601,0.274772970594107,0.40009013894924,0.405430381304342
"104",0.682200827128567,0.301556818820934,0.326130662678269,0.36439312364663
"105",0.56773695379216,0.343847627346438,0.376216584578214,0.369641609559178
"106",0.667680134722758,0.334844693724651,0.349166247408344,0.398204840660544
"107",0.514863640788106,0.299090456674217,0.422831260565709,0.372284577844597
"108",0.638744537782145,0.285365749439719,0.381734526899315,0.445370205502235
"109",0.610951802023277,0.325397594764992,0.37360216575753,0.460387989797664
"110",0.584955987480144,0.298847795754404,0.429935283084954,0.392178445085829
"111",0.455450913917063,0.266929169623988,0.509306600199944,0.359347733693403
"112",0.56934035978245,0.264787150724923,0.440616461894977,0.303969865104005
"113",0.423572397076153,0.2920607572948,0.494391758512567,0.364818732515903
"114",0.682254763259556,0.274645992071964,0.405499234429193,0.382651316198362
"115",0.617577844083543,0.305881292645795,0.383249669364224,0.42229018773057
"116",0.690573789504749,0.265305611346564,0.35924718022348,0.436938838337396
"117",0.747483479208703,0.318779639880179,0.301474558906663,0.355992837583211
"118",0.441020621262944,0.308531849744191,0.473780547929132,0.382150498309802
"119",0.471464217751206,0.281901690012456,0.486122888719371,0.407574834820697
"120",0.595348555248041,0.297272143847981,0.408643543692524,0.411606787774666
"121",0.487674921004044,0.27061889308469,0.454272509931011,0.432471269406248
"122",0.578189012005221,0.291055639953723,0.421550677371636,0.370788790744503
"123",0.545437166764466,0.270796015994639,0.451502286361226,0.489513717749139
"124",0.589450571000164,0.324053641055826,0.375457283539591,0.442892864547076
"125",0.709418293808068,0.344053665907452,0.310284217976161,0.451584073634723
"126",0.476464305258083,0.286479708340832,0.482111336151893,0.430159771883779
"127",0.734272421256173,0.269521282991205,0.336203406222941,0.468846377437154
"128",0.557454836322476,0.28529079788258,0.433737065504331,0.408272312078439
"129",0.529527856622036,0.270303303031881,0.472802565627223,0.435482254156036
"130",0.467271780462959,0.240970839169233,0.508463983039329,0.396888236839359
"131",0.422100000079925,0.244344639874021,0.533226399366055,0.366714265908368
"132",0.498772957287847,0.273464909026096,0.481523109481997,0.429683072550718
"133",0.551435379734255,0.290886785390648,0.415554305364706,0.405464532500491
"134",0.637123398787733,0.35692618019815,0.341831372426361,0.368307060837253
"135",0.614869561842189,0.306855219136578,0.39947625877691,0.419984969607505
"136",0.498731829451912,0.230426569361833,0.49054400724811,0.431392371977885
"137",0.952770239240554,0.316442254069287,0.212528462319131,0.336629228934902
"138",0.593310317977371,0.259020957400347,0.425115931082469,0.412585870853185
"139",0.788187929816895,0.289712721542969,0.27086372245694,0.343981251052451
"140",0.623761434709223,0.302175737949379,0.372928291268711,0.354429185851742
"141",0.765826740509118,0.299410398115471,0.328055404507561,0.409869557298947
"142",0.712379579516237,0.262957144644332,0.381628678154978,0.406880399908585
"143",0.74256360825127,0.321425731309297,0.319338432131029,0.440927170540251
"144",0.582650605655226,0.245643608090035,0.451275770114852,0.403897399170031
"145",0.589314809708507,0.25007239863476,0.458614094100164,0.344851675103064
"146",0.53573192135305,0.309536193374118,0.42847655449576,0.372658720969867
"147",0.573483576024998,0.284578339243517,0.424003985770508,0.443176155760334
"148",0.807931274845398,0.308401094665761,0.283617457286761,0.35833793900395
"149",0.538641558205984,0.24710870194136,0.454809197981863,0.355955925307247
"150",0.647613843439005,0.312382897469143,0.386561252156165,0.456080856190922
"151",0.654373521789433,0.312564886921197,0.32763266735174,0.423358786763065
"152",0.644093954557862,0.365333985211602,0.325662722620727,0.364118812462002
"153",0.818136878322675,0.313891916348445,0.275640383075667,0.408381196658044
"154",0.48555155356982,0.312263606633704,0.456362375992803,0.420188935065407
"155",0.700782433249551,0.319634798671398,0.30474628154953,0.414564798701968
"156",0.774018568971852,0.262703033787004,0.363122122083546,0.474482723625696
"157",0.546916376384801,0.250582259416692,0.461599481811071,0.449860673768512
"158",0.54155726102812,0.272053561501014,0.468730344019033,0.421277807210074
"159",0.666927988863225,0.321637286239777,0.352531332519681,0.47880616970594
"160",0.6842233277396,0.352473283928183,0.296226059192046,0.369844239148172
"161",0.662099667710576,0.317369237407849,0.386486181348712,0.347566501765415
"162",0.596916989270012,0.248092635293294,0.436362618410926,0.430054280667269
"163",0.382924161296022,0.262884537564979,0.522152965414694,0.333716620214964
"164",0.603907929543766,0.309980655432289,0.385886627851344,0.463322908304902
"165",0.577736830854937,0.318377100661339,0.397495934475105,0.428497305757443
"166",0.702057904549323,0.339810921831821,0.336982221986577,0.439722673543785
"167",0.523669079826856,0.27282774328615,0.476931328018255,0.392630394779652
"168",0.643484961177495,0.329298061624235,0.352178545127636,0.393737881334407
"169",0.675742092630018,0.293123549155398,0.379458213016119,0.332918261726415
"170",0.470979241394906,0.268086448580979,0.488247780450035,0.434149595475183
"171",0.803215466418044,0.297915663492597,0.290562817486327,0.395043678524277
"172",0.843571916746655,0.288985827333729,0.309683395083118,0.360714478680828
"173",0.659916155504686,0.269854589788066,0.383355500781715,0.409765484306612
"174",0.531130891121306,0.358004561628901,0.378291549448984,0.42922665176273
"175",0.678207975268233,0.29298704614548,0.335348420975245,0.327041395432584
"176",0.639641982850024,0.284251952060486,0.386417261956069,0.470870102307898
"177",0.47604904633372,0.20598211458547,0.535484925385822,0.354950720690452
"178",0.801718040267472,0.266889035609398,0.306894530747669,0.390036413209426
"179",0.543288022241891,0.315615762898907,0.437967744006536,0.430339102141536
"180",0.692031525573381,0.304012758427946,0.336065142236157,0.483472036923843
"181",0.655152173433908,0.341609358947754,0.338452946070544,0.37448871420169
"182",0.448418527279359,0.2349609846363,0.54415267942111,0.369461262261734
"183",0.640491936982858,0.268559471454847,0.398768334471198,0.365029327549078
"184",0.639557789297491,0.286974676166236,0.388049327573318,0.376212191158324
"185",0.781612105850495,0.35702342360637,0.250139334185509,0.473101600725498
"186",0.64308391000235,0.33365239520599,0.345674836680467,0.377480041878925
"187",0.742531285844611,0.324447840499766,0.320370748540164,0.445453005210347
"188",0.660567464046106,0.284468580834542,0.382650324672023,0.426833656775497
"189",0.550435446798742,0.24188932772591,0.475412407190561,0.349643103092737
"190",0.362469019046383,0.270952053608121,0.551903352683729,0.396686181407271
"191",0.715503517350592,0.317775817447973,0.315174216595622,0.430446411462317
"192",0.473087669316261,0.274049061725905,0.482432150746383,0.436412367863281
"193",0.565773554269385,0.327285079919531,0.375064379859402,0.371284905466034
"194",0.72046899669227,0.352527563156785,0.295703476026779,0.409172393532513
"195",0.680748300988183,0.275363290244532,0.382516932581242,0.385693371168308
"196",0.512966727034895,0.282258867297005,0.453502429170124,0.474174004124687
"197",0.5110945683142,0.255565453815905,0.501564556039574,0.348222355623327
"198",0.73014620979044,0.316232926203055,0.320980192443301,0.397942902408692
"199",0.485027324724389,0.279548987266582,0.490619264582044,0.400201292428947
"200",0.549765887259441,0.30883166246776,0.388042665377873,0.390044070418585
"201",0.717164893505626,0.309636780293379,0.335136500661698,0.437219753408415
"202",0.642963539760799,0.289002143449745,0.384912642578939,0.375533903850427
"203",0.551830843348252,0.334988937616903,0.383286300921705,0.373502749285601
"204",0.626839408929044,0.309939782379636,0.38958169793033,0.338549970184721
"205",0.721327910065467,0.310810574011481,0.319291814961321,0.396075416638457
"206",0.581913784156713,0.349777189074954,0.366658001899271,0.44388187926026
"207",0.538694483069772,0.338059852076166,0.40250187424348,0.458480320458168
"208",0.672183610609209,0.338555097801368,0.351239994201198,0.45300569695128
"209",0.440046741066142,0.289495933451963,0.480588078168382,0.361257372649032
"210",0.677556153829335,0.300304099379806,0.354945870912788,0.36557022247167
"211",0.629901570640576,0.286159899374818,0.407545751168033,0.371229087463305
"212",0.568506383809274,0.253868868705774,0.442072570884468,0.307583464776755
"213",0.538787086158235,0.268630493985053,0.461956898458758,0.413437983824057
"214",0.710212171266851,0.286340604876252,0.341743864195177,0.43888254558352
"215",0.706725988610993,0.25332355481161,0.386380628893746,0.402650616371394
"216",0.472782240627579,0.305391716268757,0.480563318550465,0.377186858765559
"217",0.712679596360253,0.348639039679155,0.311006727188391,0.416106218746927
"218",0.606623434902368,0.290746255050419,0.39925203118138,0.358068671902393
"219",0.79613647383184,0.303824246594925,0.274910834941788,0.382583148189476
"220",0.678755031820732,0.337843505221489,0.342042990078821,0.326151661536376
"221",0.598148310071475,0.293829427549894,0.405051468445846,0.374016020190498
"222",0.619066365691738,0.286369941379148,0.399611554539717,0.434479431119263
"223",0.75191909806641,0.286165479590895,0.334897107518689,0.446385136818053
"224",0.474493207008502,0.263001832412011,0.507669507642706,0.416673305891664
"225",0.752613216974306,0.34481885774673,0.272993803427435,0.41851529721118
"226",0.513291346313312,0.312933723681116,0.443878634293911,0.352911056644863
"227",0.610544562589555,0.291254100376116,0.415726747006316,0.460908134025185
"228",0.491982237259475,0.222544213657537,0.520732634882651,0.383280184745837
"229",0.848633491988021,0.321535133042243,0.286184188232321,0.395144571780917
"230",0.63257721425626,0.309212049896985,0.386261927196026,0.388582684510844
"231",0.675511694412842,0.353271448914217,0.294220924641321,0.386590458753172
"232",0.518022515415603,0.274774535040085,0.461202689244614,0.390052878690227
"233",0.621992454760913,0.342630726908827,0.378836634457118,0.455417795785284
"234",0.354334418357122,0.217596943947159,0.575993811987726,0.323188839056319
"235",0.614048044578001,0.272057629361893,0.423661263938392,0.437159174368771
"236",0.739599769607536,0.31810156412908,0.325963829644996,0.430805297572048
"237",0.801433969439922,0.275929968640519,0.312062855819276,0.462734891053362
"238",0.815596507401276,0.285976610540071,0.283733619821726,0.323353097960815
"239",0.487858926921315,0.303966499027896,0.459114376348284,0.392040386463261
"240",0.793031944363978,0.287126062797376,0.310627474971587,0.3886157075338
"241",0.449793162858799,0.285977638456888,0.494274678056517,0.438123035019605
"242",0.4798637877695,0.291952207955658,0.466594383683625,0.367147719801106
"243",0.479679878437216,0.273520396615168,0.484324243309557,0.395595213679138
"244",0.501021847613861,0.308249856361449,0.434038724247841,0.342486867997805
"245",0.418716603050397,0.270770017528587,0.52833663447074,0.44246398117763
"246",0.995467403705105,0.304952755049855,0.218864205299707,0.39962376507849
"247",0.685563334785357,0.259963333656539,0.389739585693041,0.400607708646889
"248",0.588846052394469,0.337432739138478,0.389872274661103,0.368247434648888
"249",0.704179539560662,0.259852303337079,0.354347732004741,0.344442166020084
"250",0.587449013027819,0.314652414906934,0.384921675544652,0.356791291246018
"251",0.626455864435248,0.275914605063962,0.410895679995188,0.4117221667435
"252",0.573437671233204,0.305612900902721,0.411765814848428,0.412314237303301
"253",0.46352231995401,0.29370349241927,0.476694249160839,0.356288358571905
"254",0.526864936288709,0.258233641523474,0.45816694856276,0.405713224036649
"255",0.496051458911779,0.220242293626454,0.512700108625231,0.352292193552081
"256",0.49955654090846,0.293623351171555,0.453450869969098,0.428133902698051
"257",0.642829218815232,0.26286060397105,0.417361109351806,0.396086244770205
"258",0.576992220970355,0.294087156170649,0.435709668266743,0.401877309345868
"259",0.610635539481515,0.250452308722918,0.407236978388416,0.394425553850046
"260",0.680208769501302,0.270149622108715,0.403773112431302,0.468256175585218
"261",0.487498591896778,0.326742660852809,0.435561732912719,0.392338219384225
"262",0.461199932155476,0.259862249057789,0.501327623183605,0.4166671630821
"263",0.65193089733979,0.312020201064235,0.366759963155677,0.361521953714686
"264",0.57441641682266,0.264469252299915,0.457293455894698,0.377783848514275
"265",0.480872916497844,0.250719291801629,0.516792633005936,0.352326806666724
"266",0.472224602444531,0.323892280772925,0.431776001597243,0.391946781747067
"267",0.687674581367208,0.344736063304168,0.297929983235708,0.384536033652133
"268",0.570722903186146,0.305919192467232,0.406284487088403,0.394644807809981
"269",0.712002167458977,0.323768496014594,0.346718269077559,0.450371409026398
"270",0.481464485944426,0.25788467971122,0.489070455590966,0.402660259251787
"271",0.600692946320089,0.285862129284069,0.420011557874135,0.451452314451515
"272",0.669162471143872,0.353174826637813,0.326297850372646,0.374230388409482
"273",0.710404746172181,0.321035783015089,0.322136995782234,0.421845776625172
"274",0.662619758449113,0.319434181664252,0.343720967480616,0.353777449530958
"275",0.670270637510004,0.335898544002863,0.345393735536803,0.395440017077733
"276",0.454004731848127,0.294839052644651,0.484977407981981,0.420514171999626
"277",0.720794755812702,0.286188298905582,0.342897039827018,0.373988895037706
"278",0.7869021931864,0.293733775778215,0.330290131636165,0.342187464427562
"279",0.521947120151684,0.288104487996582,0.461911960247484,0.452647647622262
"280",0.679076506139857,0.281637111731427,0.409851241731293,0.510314840574503
"281",0.595882266991349,0.263946213884344,0.444861815386265,0.461202300156151
"282",0.489164259975329,0.310320246938171,0.44383672038054,0.387665607730708
"283",0.558786160386136,0.3202300934256,0.37932293931117,0.340671607229402
"284",0.655667181927387,0.310126255652,0.375557191634378,0.448322847171539
"285",0.663280249883046,0.318166901460558,0.348202529008041,0.377360260408808
"286",0.582812971738371,0.35266730725146,0.38888570991994,0.43546694437563
"287",0.568111329450699,0.278533694195221,0.434568924771739,0.415941885379149
"288",0.555443028352049,0.295935160482818,0.4325198638888,0.443772560044042
"289",0.566497618357537,0.347624729931748,0.395665349983587,0.406699013932584
"290",0.804576467964036,0.348947033804886,0.207752588632419,0.381977872532813
"291",0.602560646432307,0.281787456425267,0.402350019827824,0.346167126287748
"292",0.44838014202907,0.30827541970896,0.483728263430283,0.440147601449965
"293",0.583532725484229,0.285438263440354,0.408860565084136,0.40076690197485
"294",0.5445855473974,0.263751842179596,0.452730902173127,0.372881834052242
"295",0.487111663696442,0.287681878910442,0.476808572175176,0.462963791484833
"296",0.699756087003758,0.285801842853049,0.378318175187437,0.441446447017804
"297",0.558346339979172,0.2715474213068,0.429717916951039,0.387566408319248
"298",0.613762284142907,0.300306555283277,0.402872088026218,0.42865200636807
"299",0.505687494532838,0.313336191990387,0.450419549044719,0.421676059213553
"300",0.915115728619774,0.323663919863224,0.226560929679307,0.388420034836317
"301",0.624396116425203,0.281572806559263,0.388844588824425,0.404626533914156
"302",0.441709647829538,0.257317601932787,0.522607674119037,0.422003284043242
"303",0.554214503454233,0.255280173230267,0.475311510501167,0.45166062713667
"304",0.657659767726024,0.339675340049757,0.343274807714506,0.330497384419067
"305",0.682274206941289,0.305076978562049,0.363624096847569,0.417390137390838
"306",0.651284013266152,0.318947816320199,0.344642235201105,0.356620758243857
"307",0.503848443187211,0.269526577760819,0.479802193280009,0.450845748358274
"308",0.564625028709864,0.335048351568252,0.383374036485075,0.400909116350248
"309",0.629436116882936,0.362503550997393,0.318819559265139,0.412571043002879
"310",0.848304979181346,0.307644884719507,0.268057239588469,0.448753508542112
"311",0.679449671824317,0.294268028352151,0.374781774544986,0.451279994607028
"312",0.460323942446906,0.277293741590159,0.487596714697286,0.362047353140609
"313",0.514443499779291,0.321145726043974,0.419450296674972,0.398705089068922
"314",0.464210634398528,0.271292587816183,0.500796741437347,0.394171243170022
"315",0.5279750224515,0.294226976467195,0.438683960441033,0.434263026977429
"316",0.723111213496355,0.310390178586606,0.345874763176703,0.423035685241997
"317",0.80509019347044,0.327662810009677,0.269805450982133,0.386545049918863
"318",0.596062300769337,0.28207339896637,0.422341284827185,0.407160430730446
"319",0.764501992186958,0.299706492386091,0.285158506861118,0.411823168213122
"320",0.545484345730053,0.314629021565118,0.395125959029663,0.336517409208581
"321",0.716148004085636,0.297244138715024,0.350304130418948,0.397075770712964
"322",0.539857136583295,0.303656178749313,0.423385447175153,0.377700479503236
"323",0.57247749863487,0.323092153608007,0.388686563005487,0.359837263382446
"324",0.632598341321888,0.279982131259889,0.367355445751412,0.427973516591074
"325",0.637806574811163,0.311190109444949,0.35604136673848,0.425996970864191
"326",0.612532013114221,0.313121845735219,0.388167572392081,0.359113175376378
"327",0.605707249393092,0.322391121130459,0.379812489911442,0.454021886905577
"328",0.565853436460264,0.388441107628887,0.316783685283799,0.390671340371404
"329",0.717295153169384,0.364719378755824,0.310222132145794,0.388098104360953
"330",0.471749980893652,0.282251556583451,0.479526593923975,0.334020005472929
"331",0.573730050337727,0.297076779237714,0.416695167370341,0.473598377330764
"332",0.484006988321072,0.281742861791664,0.465359602576021,0.42274100876487
"333",0.514068646177004,0.340884603248471,0.39165144976179,0.474579004684985
"334",0.604364510588886,0.366065707167212,0.358998593565136,0.503063041265401
"335",0.630021202697496,0.296275258961076,0.3940094965881,0.425169591049017
"336",0.638430874716835,0.340466646435579,0.345349084899495,0.445828596724543
"337",0.564103466778375,0.281780710817767,0.448258211799413,0.341292397032249
"338",0.479211650174078,0.228144091044636,0.512868703904715,0.38649586902082
"339",0.481298083611182,0.315925615164133,0.448947474294803,0.362905865542162
"340",0.7470043612026,0.315062840667988,0.324618031588946,0.355256853963469
"341",0.63990361494503,0.299120168311283,0.387451277907321,0.405129844242797
"342",0.659815406965798,0.258201605387468,0.438953529082209,0.398194671143506
"343",0.610418820024664,0.242134235925463,0.441739836106844,0.365752159011856
"344",0.551308362862385,0.254745513941749,0.485585559774854,0.460306579986072
"345",0.757941167446337,0.275309695422111,0.349884781096508,0.466789540155524
"346",0.691480247674479,0.284692699429402,0.335587495429221,0.419338738948126
"347",0.835275989491268,0.343429273353649,0.25787593371091,0.276987145296107
"348",0.716667066385386,0.37214520796555,0.261958094420899,0.360017040854769
"349",0.635592180476877,0.294381787713735,0.395594323110288,0.365696293989813
"350",0.598083167351804,0.280407793330178,0.444371565309957,0.469009650126775
"351",0.626687840388971,0.312901594054557,0.356321038709225,0.425686376262738
"352",0.684575462586896,0.273151920547999,0.375333238335866,0.399116993428274
"353",0.401611147723661,0.281142367466035,0.528897157024426,0.403258928785496
"354",0.627020624186891,0.332765037543669,0.378677540311645,0.403129744034544
"355",0.606784719531816,0.315335419555527,0.37845001473547,0.413607971026607
"356",0.566938558432188,0.272913646295494,0.429626777846923,0.407732991596486
"357",0.639128929407695,0.261350401502255,0.360564043467253,0.340126780741503
"358",0.478445620571766,0.312683346711249,0.45414144267117,0.472731064437166
"359",0.597727788629527,0.309102065473347,0.40452811454724,0.401423920373342
"360",0.674803399460614,0.333309102272592,0.344709226762173,0.389890922232956
"361",0.686056061166548,0.284329264959426,0.363496880047512,0.356837611314722
"362",0.781993057175051,0.343010298500484,0.31104057601005,0.455086763342623
"363",0.456375575591051,0.290146658367461,0.482461721808364,0.466940179038269
"364",0.575162942889815,0.289693072464319,0.420953620020228,0.44921109373643
"365",0.632242055727331,0.300133472061808,0.365342011379977,0.430948825925541
"366",0.477341247779431,0.293500512249697,0.469836591726898,0.405245640261415
"367",0.506675254906855,0.246358308025232,0.506645058423607,0.385357536118301
"368",0.46125532820218,0.289521677630227,0.465622895189892,0.407197212926946
"369",0.610164364538581,0.280603245714078,0.415253817256652,0.456234111257983
"370",0.381929102677526,0.293860221280565,0.520170964333968,0.340907533224393
"371",0.541997347569396,0.317001091621614,0.416826040314233,0.48201492536543
"372",0.596183970183017,0.287683399794005,0.387433523151694,0.358862088256132
"373",0.713982505962589,0.326262274155,0.303446030646987,0.384003089139137
"374",0.584118280134888,0.315921145830609,0.368803757488631,0.392982822799069
"375",0.652550656230276,0.337119184495683,0.362000698613249,0.444597655044423
"376",0.64500721471573,0.304500268798994,0.380395600899391,0.446894357592335
"377",0.543904046657708,0.278596384923435,0.446715058195468,0.410702135782243
"378",0.636856256556565,0.328141371420015,0.369958007210795,0.410691419738601
"379",0.646187217121637,0.281607126386996,0.420937522982234,0.445973991474335
"380",0.571491526309374,0.290567181293423,0.429058790930861,0.426614358014455
"381",0.433037388667145,0.325381733125001,0.472192694646326,0.402468583648846
"382",0.45099568107197,0.285689169035706,0.475275169148785,0.408621014692242
"383",0.428041857880649,0.267864631665226,0.516546373148436,0.406488288252383
"384",0.548661996275848,0.214256482295926,0.499819736980625,0.482999294600936
"385",0.709586715426207,0.276339381325387,0.32760677808096,0.382118091466778
"386",0.625003287910107,0.330992913289191,0.372402651514361,0.380470184229999
"387",0.462181741785212,0.299801429578949,0.469599447253671,0.423630720890393
"388",0.499684403444478,0.316450930650629,0.421900357847943,0.403739781494033
"389",0.639568349970296,0.285889812183267,0.393156123885531,0.38645346897488
"390",0.678001773212797,0.315000795265466,0.355634329837201,0.355839698768329
"391",0.72053512895051,0.319001431122572,0.316228716030838,0.403053252986993
"392",0.84172740483334,0.329614244006384,0.285299563861735,0.420955717891383
"393",0.688054079573025,0.340373814808087,0.302004634310226,0.441111968464816
"394",0.613308256572219,0.321573463617451,0.366667917985086,0.413222517841064
"395",0.702215949350877,0.392748835351019,0.295584574970961,0.349643388976031
"396",0.641962082102581,0.267986728974775,0.420654076690722,0.355577597876583
"397",0.487212477974516,0.23158259836057,0.507701321290636,0.354459321407649
"398",0.612528192083538,0.297592732321393,0.391746116358,0.413075484145946
"399",0.576737097347016,0.306889111321873,0.394327899918811,0.432448205577071
"400",0.591541855094889,0.305669514156626,0.400428375464808,0.394689149746016
"401",0.629228018011259,0.307946006426197,0.384908402583337,0.462827077207772
"402",0.581172662615142,0.273944635889789,0.435595284778439,0.396244073573062
"403",0.726363396515095,0.306592473151155,0.335094878735637,0.372690557645334
"404",0.475605527379921,0.334754764799088,0.428848109935502,0.422641582626749
"405",0.933505425167695,0.29787585689889,0.198809727426072,0.383278761907906
"406",0.758192900890123,0.311747525446202,0.337685800819787,0.420520514950312
"407",0.434252637247514,0.2988182215194,0.47771226722721,0.404330745579325
"408",0.493740580905423,0.282136294305377,0.459449404156725,0.30304543374912
"409",0.469713359007667,0.291987050944449,0.464133161943415,0.414170873199126
"410",0.69213510584931,0.331003599727152,0.329861520780737,0.376162005743638
"411",0.695649028068058,0.270355147330036,0.390680955718153,0.430208877949015
"412",0.569697840152265,0.300652213330197,0.414006931944339,0.344674418754614
"413",0.762372732244753,0.30464353985664,0.307060916809626,0.428886094288655
"414",0.599217756648116,0.317653445991834,0.412661526308515,0.385321169602932
"415",0.648428927372991,0.277756345699272,0.394357505334857,0.415202001789595
"416",0.582785606395367,0.264644880214094,0.43796955735843,0.380626496379464
"417",0.524226984095756,0.292244504323341,0.42381096015032,0.410132984770341
"418",0.48165632977224,0.339946586912186,0.405935228009243,0.391488360281678
"419",0.832609785752766,0.288044242250424,0.278289458756643,0.362573677462587
"420",0.605615736472544,0.332705327373439,0.349282586822012,0.396097578650953
"421",0.618561176897392,0.283210919407287,0.392820479831996,0.328376291580291
"422",0.579261226543496,0.241498174991015,0.449238331231588,0.312227471857508
"423",0.58171695560306,0.306273173430897,0.41884416199704,0.483821486156506
"424",0.726460405643143,0.313357917654699,0.316474466399916,0.421335970724275
"425",0.760249750676434,0.303210897455594,0.320456157777786,0.464935842497578
"426",0.880086482304316,0.27681781804231,0.263900613695304,0.434712654064371
"427",0.751393726506705,0.311793056649799,0.278423882393474,0.468920259258104
"428",0.50002977197852,0.292970519220846,0.478541448260436,0.433139992230709
"429",0.650653471577163,0.311244481278467,0.363348488946728,0.424008362869735
"430",0.548938585321925,0.279101458123342,0.45814358632599,0.408051959591631
"431",0.639060805381697,0.317289525983284,0.360136318860232,0.367957549564183
"432",0.727125307279794,0.264499321978769,0.388424938937318,0.442116411738622
"433",1.00429009736293,0.312688371290447,0.152769937837494,0.326687785067832
"434",0.530850808142446,0.304035055135404,0.458498770568309,0.325099814898937
"435",0.717652074795588,0.295255708005596,0.405252922554252,0.407328149958265
"436",0.499262695930629,0.29402574515966,0.446764026634759,0.383466393399599
"437",0.66589191304733,0.29919524065474,0.368017206466997,0.406254113293156
"438",0.688791773632312,0.317269181765227,0.311834142429332,0.335826051402526
"439",0.598378563326214,0.333956414703462,0.375564731884762,0.396002619596853
"440",0.641292313035653,0.284862364570839,0.412761498426757,0.378212693121875
"441",0.672047831316486,0.27629284290075,0.407477309002396,0.4079746166413
"442",0.690846077026674,0.296052687662635,0.364898935594126,0.414262836017777
"443",0.617929145140908,0.247669123409827,0.415499363315856,0.386786824547089
"444",0.768114776818606,0.288094187028156,0.342896733539807,0.452308603372389
"445",0.532826344557312,0.311350223951156,0.442994958221415,0.476591817515311
"446",0.556911667736608,0.28069429249527,0.439469835424098,0.416309867847014
"447",0.680159280506236,0.263291593586705,0.369774623698895,0.378452301711962
"448",0.619224611245029,0.273842826860851,0.402668036563737,0.444083711325103
"449",0.691263487111197,0.326540640235765,0.322298961068255,0.434771283311605
"450",0.47927205990207,0.2715662852657,0.46669517242532,0.410148826729527
"451",0.523133050087464,0.321339948746314,0.401634281487876,0.378818995625915
"452",0.666828169616276,0.26897570902941,0.387853621079444,0.432780510737899
"453",0.608989596210116,0.322536438144156,0.391798570985624,0.485461000840636
"454",0.468601466256988,0.251308745864956,0.492731585707828,0.396560531156809
"455",0.641079571024104,0.261903833760013,0.392045512316413,0.422753578299966
"456",0.556605088376752,0.285701075276283,0.460079575268373,0.455356584785928
"457",0.757919419853461,0.293027967578909,0.331640094202975,0.341103958954084
"458",0.754625252303381,0.313968548601125,0.307434447427846,0.340806005192687
"459",0.702433096811461,0.257519002464844,0.372267380277124,0.395202471643069
"460",0.655295968408341,0.307716448890974,0.359722954656062,0.416469183626766
"461",0.712598780039062,0.283522804352401,0.361884101383932,0.45304748989746
"462",0.673062274476377,0.261308489853078,0.364562691710289,0.394590358841513
"463",0.552473204881219,0.286523168187188,0.448061678352497,0.356507742781469
"464",0.832963379918057,0.282714134595682,0.302790165599015,0.336494923866005
"465",0.563324579276403,0.343592429955843,0.36481014582748,0.329161357196629
"466",0.518397429911271,0.338416824823675,0.401944357956106,0.367194859364186
"467",0.450760773588674,0.304587970380279,0.470629085346963,0.428490649328779
"468",0.586055597613242,0.316523004994984,0.407317319835386,0.416068864321422
"469",0.668231312542031,0.282095354663483,0.388758776018698,0.48286753989972
"470",0.522231782651907,0.273023732765058,0.470744728358664,0.384287832023658
"471",0.61545756174062,0.313242263036051,0.393432228552297,0.41375370249073
"472",0.497345729684977,0.26540986243451,0.470678517079492,0.377080544428965
"473",0.530108274914883,0.306008839516263,0.434850074135332,0.438237204333368
"474",0.520055803542457,0.355487822511232,0.389404242455459,0.432449694069165
"475",0.522566461923889,0.286949911571673,0.441772194870338,0.430136727682588
"476",0.554115645761129,0.321817205201606,0.407078443399034,0.394826939838339
"477",0.823420739127653,0.269547835228405,0.298456517279992,0.343952868463074
"478",0.630779236589274,0.331125917538076,0.36567515689192,0.385132271480232
"479",0.572165155093919,0.29264865676277,0.426895903736704,0.439631575795804
"480",0.576301642363187,0.240907385743796,0.466491465341718,0.45917255636269
"481",0.96040383790934,0.37093346419624,0.144794253144062,0.377332732684885
"482",0.737761528979283,0.317503654756091,0.311794235673874,0.425842913207615
"483",0.536193809556303,0.26613266929389,0.445513942043803,0.423746001943484
"484",0.5715518318668,0.286524701597281,0.413473739465651,0.443206842955161
"485",0.579027346548625,0.33854390822426,0.375697701859643,0.326478753611689
"486",0.890801236960743,0.264174865055943,0.306388843012205,0.430324137615045
"487",0.787893645230402,0.294674770789228,0.311882927147057,0.392685540622
"488",0.70989415495882,0.329489071144964,0.331637039257737,0.40976667268973
"489",0.62015126786608,0.344930626399483,0.355061204723218,0.410119689985283
"490",0.490234260556067,0.311249950465103,0.436150991878972,0.376866175921832
"491",0.527266746993289,0.25739614762992,0.463475472272272,0.400583202199495
"492",0.514880612981803,0.269996747513535,0.491501450144136,0.400243627151895
"493",0.623401377246324,0.329734496294335,0.349218317416069,0.4058859868511
"494",0.575606895509076,0.319286680465831,0.399132675239041,0.386918619105835
"495",0.811960796742881,0.31337906349442,0.227845448776521,0.342623514444873
"496",0.801189874748177,0.327236362148099,0.251405686388224,0.456006926742334
"497",0.577383799997509,0.271996684196997,0.423274012077707,0.364023856300388
"498",0.892380090056995,0.330897877111545,0.256932214067087,0.490590119128742
"499",0.627570015147335,0.302875374082731,0.388687836195823,0.430250108992696
"500",0.591936121105983,0.334515857072631,0.366636171975609,0.450524206886371
"501",0.785809306712336,0.330169941504371,0.294507880600317,0.384139099048874
"502",0.559589681598723,0.349034247164775,0.368913661948767,0.371848560725905
"503",0.621827584809782,0.335936819638775,0.344949700310632,0.431128994764588
"504",0.493673950055971,0.294246985081717,0.461174039852597,0.369285456302726
"505",0.663883225546784,0.357555875212642,0.278951100207638,0.465404771302601
"506",0.580508776774977,0.323695844022439,0.387623427542351,0.458187024114915
"507",0.496165288718975,0.265466361473389,0.475387583710227,0.393749818045568
"508",0.407613446844064,0.243046769878583,0.516633215148528,0.426830304283554
"509",0.541441722660319,0.275845532626547,0.444679191004267,0.368450678167139
"510",0.624037123636763,0.329162248716788,0.351006411377068,0.388359705226429
"511",0.535117767411677,0.290264722088108,0.464432961436771,0.420769581277563
"512",0.712450746707013,0.269439159045198,0.380593800627118,0.486030600571257
"513",0.636093589748358,0.302694734440583,0.391964136799522,0.359045987214811
"514",0.625563952972865,0.325617984526055,0.391985345138508,0.444214712982987
"515",0.500231899624018,0.332589911666457,0.423720741733313,0.430507125783102
"516",0.391611570201916,0.224722091629124,0.572723231057369,0.36316914992307
"517",0.592909184297111,0.279085792041023,0.433989953597236,0.313285782967569
"518",0.638265562512769,0.278468352199386,0.39278170880112,0.438966805110943
"519",0.64803707761794,0.264164884838991,0.414928577188162,0.344498996191949
"520",0.535519987247911,0.298755174811635,0.410457466666281,0.36467991414551
"521",0.66203006372015,0.247770240977322,0.415505326355346,0.389852057945954
"522",0.75195507648002,0.339676311354175,0.316725415483045,0.443551031932472
"523",0.489281343143721,0.330856499271036,0.43446894180365,0.343140573336365
"524",0.757879008251335,0.259581817621391,0.342293558789553,0.42502728517388
"525",0.913597504350428,0.348143340011442,0.210875386722531,0.403105245688817
"526",0.450548937308709,0.238438318627173,0.532168542278305,0.343803821134302
"527",0.60924869190281,0.257807975603175,0.396381148774615,0.394603552358965
"528",0.456813306618413,0.290755412346547,0.464016159406463,0.429263829862158
"529",0.567294863095202,0.35430458725213,0.353443952854828,0.399650699490067
"530",0.830954668150446,0.3566925503652,0.217566785327872,0.401466101910242
"531",0.538455316502338,0.312419865977214,0.40797053191013,0.444051991055489
"532",0.824783378299068,0.221810134665214,0.363273141113628,0.443188591339191
"533",0.642612232484469,0.292480276781137,0.400196576210588,0.354501209028137
"534",0.543659230087632,0.315495122858874,0.403023754658959,0.36583774391917
"535",0.513195545295877,0.325666525355005,0.428768889744215,0.401253680546728
"536",0.333992084789063,0.226050148649393,0.608210188605972,0.371858432093214
"537",0.723703224597871,0.253355800626253,0.379997484496006,0.419098592519256
"538",0.510622048121245,0.296735446308724,0.469129833503149,0.321350532591345
"539",0.704558041768787,0.304627512888731,0.328089909162216,0.34404781520018
"540",0.706552314167467,0.297878120579338,0.331120941493665,0.407408637710648
"541",0.496534422379546,0.283086678029768,0.487489791490147,0.39189400349892
"542",0.395675285050483,0.289644843378657,0.522817975945097,0.433815261440054
"543",0.487815284867568,0.31437731604725,0.443959296626285,0.319389399180336
"544",0.429468401343357,0.270881761996187,0.495864856840827,0.392497588141641
"545",0.615884582813102,0.328960465406226,0.361283154872083,0.362755210061252
"546",0.668986022885887,0.326812074943542,0.354469472155565,0.441534706065597
"547",0.499536480705792,0.283444808890365,0.441342971005912,0.374298715895027
"548",0.770913080069161,0.305055488899776,0.293668420516063,0.374485665241132
"549",0.534487021500333,0.321380751070832,0.419270891979132,0.380728818803335
"550",0.671492378646585,0.252595139550841,0.384191670387252,0.383850620903445
"551",0.698681586625892,0.274130218013777,0.391496791200603,0.414758440329679
"552",0.561718212530688,0.291611156344623,0.453949262178383,0.378081591056441
"553",0.767873373222585,0.29691274977652,0.303344468552967,0.359049819384688
"554",0.484390123403856,0.307790194198846,0.462488634174106,0.403672860395962
"555",0.720846298326404,0.300916987222853,0.329875122742286,0.366110220366115
"556",0.75111439813582,0.273871667528221,0.356877628409071,0.415097309573047
"557",0.507963143880522,0.274791473113985,0.474779912481471,0.479123088641941
"558",0.685802152060932,0.314117921374551,0.32260861489935,0.413472272632886
"559",0.497755546580833,0.333605117757826,0.404643727873182,0.327426973567431
"560",0.669597358184572,0.297801162238621,0.377689401379874,0.337665515672854
"561",0.719030507741866,0.270819075908954,0.392229493853519,0.390886343182852
"562",0.715149396274768,0.311082459678388,0.325743567702437,0.443592590979084
"563",0.82948555777214,0.3529154164511,0.196606619093752,0.336438751867444
"564",0.393458122990261,0.298647039719393,0.487272786017386,0.416587874516812
"565",0.662989115206946,0.327835434489442,0.335115787626616,0.364967521255136
"566",0.658715118350153,0.256990639505458,0.443021139520539,0.420805121037866
"567",0.62971932083047,0.313457731328135,0.376550232245583,0.449437316007998
"568",0.480053197957567,0.247515135559199,0.478467813732751,0.447160330595395
"569",0.736838643153284,0.306437945610402,0.308981420065516,0.417178998296376
"570",0.560742662767996,0.283380965568589,0.460885181342946,0.379144337686035
"571",0.530188539462088,0.321744586301843,0.375375530554237,0.402266213885912
"572",0.714085070416131,0.291601468847125,0.371166995454833,0.370214559080729
"573",0.675353364871033,0.264254860386474,0.400531291752227,0.415627655750498
"574",0.767564735842719,0.279436991054723,0.330939902596803,0.35550081813618
"575",0.472286442505967,0.22495533364623,0.515535147722526,0.376572552201028
"576",0.603667075098783,0.275033140515319,0.428481987024845,0.428745609063159
"577",0.587426126538601,0.286038914886796,0.433419125792465,0.451102080310922
"578",0.804750608535184,0.334863556534849,0.278200192670794,0.447350358569817
"579",0.527547583831657,0.295622823795848,0.445297700261789,0.46159527619208
"580",0.595888345622556,0.277917120499607,0.443741875683806,0.468990459790155
"581",0.776127992515354,0.263139687358287,0.34385045435908,0.395454654713608
"582",0.716396729455053,0.322574167552718,0.344965975154088,0.470513620403059
"583",0.488431763957229,0.345844427272264,0.420015427758424,0.347169997025859
"584",0.673053771895434,0.317125740415813,0.351903938246587,0.385575411946212
"585",0.695941700344266,0.336073753808426,0.318686769171755,0.371455316522293
"586",0.467933354733172,0.238768435401438,0.519350407607707,0.325144278433824
"587",0.637773969635972,0.231558598983743,0.435467372504526,0.367597076924129
"588",0.624795192717739,0.280255048393428,0.402556236851854,0.376697200517769
"589",0.490171324912313,0.190891738177027,0.554475727758133,0.410814981289677
"590",0.591952313866414,0.342991071422939,0.376943254532118,0.417669697533535
"591",0.628875328472179,0.306572714926846,0.406217176358468,0.431678370852559
"592",0.550580462708333,0.330814740952213,0.411051196759309,0.392668187366309
"593",0.712588146541419,0.29758899787707,0.335036425959954,0.35237561057963
"594",0.580980000608656,0.286527435355715,0.432953688507054,0.431544836726238
"595",0.573808531075777,0.236352906558864,0.460278572022351,0.380360579487899
"596",0.666029980921004,0.314238358959835,0.356170613178818,0.489398906075476
"597",0.629697125228268,0.289231578830338,0.39525321312045,0.386047831194198
"598",0.632379792702113,0.277701101295701,0.39519347052145,0.41241979734837
"599",0.547041537641505,0.323092458131983,0.391447202584515,0.425309116519449
"600",0.66618018793839,0.356212789417522,0.319541176397442,0.379695851857201
"601",0.447728767288963,0.244214196853965,0.520852689715821,0.405801025995173
"602",0.550202383400425,0.252529210635351,0.444651535821819,0.383881969682147
"603",0.624615338175224,0.284623272844183,0.405870756409353,0.441476347200248
"604",0.521907668656703,0.271080016294717,0.470082345679416,0.465650308701229
"605",0.517040363151732,0.362201090504602,0.382201624996366,0.373980075198802
"606",0.659829153007796,0.290461858408698,0.407368352136576,0.385095124480961
"607",0.632011505440981,0.351920631587475,0.327062461799562,0.390589726446994
"608",0.54718666785178,0.238937799366724,0.487893984706996,0.374591091422076
"609",0.722532009840131,0.308417588285245,0.352249274187163,0.433358740750459
"610",0.941850809305137,0.317587293242779,0.236051352275955,0.403218710278006
"611",0.666835465676628,0.328017748433691,0.363149755871309,0.451312927232149
"612",0.503136043110797,0.258900444825811,0.502235550653311,0.394397499557611
"613",0.748328286805223,0.314717832690349,0.322314652805842,0.372999710898714
"614",0.567773394727898,0.320792614771541,0.403945624294465,0.355532162458919
"615",0.46046717738587,0.270161057909572,0.515467275304289,0.383304728760904
"616",0.714273444201049,0.280040669496808,0.37347103279439,0.413941878622302
"617",0.682595855947443,0.306421795046431,0.365705112994486,0.413331198319785
"618",0.56406280955959,0.292195073993482,0.400620973361746,0.424750033624225
"619",0.544458180667418,0.30090869892326,0.434515063725231,0.484032360409062
"620",0.507738818631055,0.24239981644289,0.486713904985164,0.3581578870547
"621",0.670741420264973,0.31074512705659,0.374584052520296,0.394327530917042
"622",0.724830075671962,0.321153267845145,0.306837481899441,0.426091754581468
"623",0.647325581194361,0.286605693793818,0.385487745155101,0.438542569133756
"624",0.733483471153285,0.272932807702149,0.357356684626958,0.412107088158167
"625",0.593814491586056,0.329806026061406,0.393175579480848,0.409366397461684
"626",0.574222175600865,0.272213607248178,0.42985743080605,0.444774623882119
"627",0.519355736427192,0.275838165032199,0.435032602933406,0.365978038552274
"628",0.49769827485948,0.335686059919975,0.421405587117448,0.416790173415384
"629",0.597709760879509,0.260052025880259,0.455760110053167,0.433561473301306
"630",0.930742545484025,0.339384391766719,0.185747879099516,0.393714049238751
"631",0.55558101313159,0.342687821957058,0.382181151212957,0.388931082099947
"632",0.545534678453949,0.278207621324335,0.443110930126267,0.42228561599307
"633",0.79592754587,0.333118249658301,0.282207069402242,0.420217714597029
"634",0.531797843114623,0.321403520253867,0.397492769729426,0.411480426350729
"635",0.440015110213153,0.264976645893932,0.5142136301388,0.415782489161816
"636",0.639355794802625,0.355730558298621,0.330390720725894,0.472569878816034
"637",0.531729058920236,0.307127618858819,0.424422229250752,0.345527148890152
"638",0.62526384566157,0.337958271485709,0.382444073623081,0.486585731392789
"639",0.488896089513932,0.255786115676389,0.520844994495527,0.464833225268946
"640",0.762577190349557,0.309396508218072,0.335776200778117,0.449306316519654
"641",0.904404939980205,0.39265847134377,0.188263760078489,0.386826197148108
"642",0.489778513345747,0.310502277499222,0.452802379521646,0.440819951889763
"643",0.883493346961676,0.28516987064471,0.292833468454981,0.503140975842933
"644",0.634369738494735,0.324104669404253,0.352603139678728,0.374241760664318
"645",0.443699743668309,0.265451015245361,0.503671013616022,0.379733268801168
"646",0.777684493735218,0.294496504694301,0.291589380280064,0.413541880404569
"647",0.65123965912994,0.266679174455727,0.395419664129698,0.403557586648918
"648",0.394475245717882,0.26811201332272,0.527437390925544,0.375572499585023
"649",0.676368142228675,0.300338572713273,0.3741036558532,0.47122919164935
"650",0.912272536130009,0.305395362880805,0.245632348182565,0.426539156006366
"651",0.862108345457123,0.386638530337645,0.16151771205055,0.414198013640582
"652",0.585220902723821,0.345405415808122,0.344042932475888,0.353896871815171
"653",0.665709891289281,0.278506207580965,0.383886972271713,0.394560114883775
"654",0.47461773215913,0.292153202792194,0.483583663123737,0.501614988637874
"655",0.555150379648202,0.313832738400335,0.431928932166332,0.44664399497601
"656",0.537725139064978,0.278235183853485,0.44019079987379,0.348276880293193
"657",0.84249598736441,0.328849958241723,0.274283625986396,0.419074862081386
"658",0.594061449977822,0.254403035251366,0.451577052867342,0.452044685366664
"659",0.787284586570666,0.291663320641073,0.285453677039882,0.409524220467638
"660",0.714931988458806,0.335147335035934,0.342736241001988,0.366882664305343
"661",0.742696180775152,0.262248535507887,0.35689372037904,0.430801605870729
"662",0.478955399080323,0.260972706908954,0.492476984790073,0.401033752812964
"663",0.473671197525867,0.344540134422071,0.399968116222532,0.378978712512078
"664",0.585857717928893,0.349229940154673,0.386355402150695,0.461678676557795
"665",0.485385148783171,0.32885837728164,0.437276193365707,0.438602308465681
"666",0.69559767352538,0.332436313342586,0.335435807466779,0.46999674500204
"667",0.526390320743072,0.283981048226995,0.433159696350005,0.43348434488116
"668",0.769781738533227,0.345931495302376,0.268146156045824,0.411434376132802
"669",0.614200732594325,0.325646904092552,0.375420854386431,0.419651826836394
"670",0.504548822908684,0.256429784354577,0.472527203520428,0.310323585193174
"671",0.629401472297874,0.32905556918538,0.371214582525203,0.456800614942456
"672",0.385121220725786,0.224468877024213,0.572059599532235,0.359570488696946
"673",0.639778566632743,0.252679828962138,0.41100829899319,0.374589056388555
"674",0.825782841775482,0.253716648989231,0.369325970781702,0.384153887471297
"675",0.625941821889229,0.296941814004858,0.392075781120446,0.4265599746663
"676",0.772263141973655,0.279430056444011,0.314481804414767,0.370846361029365
"677",0.604905208567362,0.328426390372386,0.379825030778854,0.401989082048548
"678",0.548971557764631,0.286954102488371,0.402289699146538,0.47188993752836
"679",0.567854917075087,0.295936079645256,0.413610428381857,0.397070303079056
"680",0.605628740650502,0.29937131804869,0.420486040959986,0.399559532483395
"681",0.658039236362106,0.317372051026715,0.3565949267038,0.379520445488487
"682",0.700940499166698,0.301054085727273,0.36783374921169,0.475630046506797
"683",0.474757685914108,0.29180939034602,0.471617587823143,0.442469506927519
"684",0.510027661623239,0.300227173063866,0.447705496020685,0.45376670901999
"685",0.498569862923692,0.271423288394051,0.487637492562265,0.379097524198935
"686",0.654974354489441,0.325955882268159,0.359904905300663,0.373001250085534
"687",0.443139276294689,0.214800853084173,0.561478847233766,0.427601274745092
"688",0.632657455603673,0.285976913329716,0.39202908195278,0.404472036342519
"689",0.650638238004653,0.330011253540863,0.343484858432569,0.433601259157031
"690",0.601188607725882,0.333236905972869,0.350724884738572,0.323517591681892
"691",0.581813336961044,0.271105532425006,0.420023433977758,0.424247881361431
"692",0.591952043841833,0.313507373185457,0.404484359181375,0.404675886438671
"693",0.497087506276345,0.294423462432764,0.460718654082243,0.47296766365354
"694",0.542525620779275,0.305907509614431,0.40660217963846,0.407322053201622
"695",0.781164070380383,0.306119343531896,0.295775192692003,0.394002251380823
"696",0.760816632656944,0.355311788130757,0.303258543204224,0.433023642950146
"697",0.576822385925873,0.319941048140492,0.375540474336088,0.355445586284925
"698",0.531593336427785,0.311554291689394,0.431070972536785,0.388326812847353
"699",0.551103687541807,0.296083670014867,0.430089869419236,0.452324888594992
"700",0.592979762283455,0.322714849483682,0.392322695603299,0.431877809171251
"701",0.472644107858371,0.304438827378012,0.445938590754352,0.388801653285238
"702",0.744956006922555,0.291361199289861,0.326736340085846,0.394580476385884
"703",0.741577076404043,0.327478372794069,0.311689736664036,0.439623332129308
"704",0.688713573432297,0.37907494268147,0.285754130676133,0.396688145051949
"705",0.759589624032028,0.344290758284339,0.290066154686406,0.419619236411244
"706",0.633893261557909,0.33030651395443,0.367538545500722,0.452884003676305
"707",0.625505616858765,0.318450992068038,0.358395965034175,0.435250921070168
"708",0.542205030753993,0.303828830236864,0.411540253397493,0.408193183652521
"709",0.6624973916739,0.291695044568852,0.363156340002933,0.340555681000951
"710",0.396268852396758,0.261372892089971,0.538845342319716,0.339650794326502
"711",0.751139608838809,0.298147592989713,0.345353022807031,0.468107129443058
"712",0.459840106830478,0.2830628109953,0.483168446902671,0.479951290471171
"713",0.640121756401079,0.278471037383588,0.411079974400737,0.431463714612969
"714",0.490760269384276,0.317521141977653,0.421701418823591,0.399036665909309
"715",0.599255158096688,0.362762029685912,0.350803582041778,0.367139348369784
"716",0.692283298298784,0.331490676892335,0.343918163164044,0.398177185678849
"717",0.659332681762907,0.35867561086862,0.333123652566095,0.367446663154007
"718",0.446282552515995,0.322554310827286,0.472172499362445,0.4047462033487
"719",0.519749146707682,0.313836336787893,0.412337570763993,0.35969059542305
"720",0.702254035916642,0.299227197977868,0.328456449288745,0.363037275227059
"721",0.753211799111791,0.289659838486866,0.308235120746547,0.471666168128995
"722",0.622183239363761,0.340146909353775,0.356259762157825,0.370158189222014
"723",0.664767542719883,0.269900983827915,0.369048397870119,0.387684681498548
"724",0.600096508837556,0.300630409329086,0.400063947363409,0.370516476420643
"725",0.471993687406981,0.28295448219219,0.479046474031243,0.348598969312247
"726",0.68071526579546,0.276354194595006,0.358523089166999,0.398039262187189
"727",0.652674838683423,0.316701326816065,0.373957454199032,0.455270784938379
"728",0.565831648031086,0.308060389902615,0.424578817754789,0.466004589535335
"729",0.521330797514661,0.266493982748608,0.470386169286963,0.368358416120756
"730",0.569724561354818,0.297219095021235,0.408305447211561,0.411867604916737
"731",0.642386113154786,0.322792663903931,0.373165433629597,0.490193472820279
"732",0.594426722121993,0.314336861176547,0.373248310235642,0.356749581649346
"733",0.512123528002259,0.245971101766794,0.484241345856884,0.400125546423068
"734",0.71948285204197,0.316291286944277,0.323387651447504,0.420226449348572
"735",0.775236814879718,0.252466463418274,0.336682911839699,0.398454816225598
"736",0.483226633598355,0.270328284357157,0.496631271093852,0.403097892020819
"737",0.720024559014531,0.322859938541076,0.336835282030644,0.428728871265339
"738",0.563254885693601,0.325970528178909,0.378446851757437,0.364397683301946
"739",0.569013098418401,0.271478729193193,0.42855408670563,0.360538125309928
"740",0.500827630591946,0.306977140977211,0.466506717024702,0.444021006565922
"741",0.836282368778186,0.309226304622557,0.261279845023483,0.35636476454933
"742",0.559417452832468,0.320744038057538,0.40231176128221,0.383917691599745
"743",0.590712591858731,0.331671574040859,0.383980392375211,0.414304271030104
"744",0.812276136273996,0.338298584844025,0.267408016081997,0.415604431296327
"745",0.750095485825894,0.292200772082976,0.327190684921714,0.390830150892813
"746",0.687542434274309,0.311017005338613,0.310520218349257,0.404349751680267
"747",0.364496328421501,0.332877943848196,0.484422299638348,0.390849612235035
"748",0.594983401688195,0.330621018207201,0.380493858462963,0.395422961425665
"749",0.709131854315131,0.368173291091177,0.293346848375038,0.429441160796019
"750",0.559212808505049,0.329001667437327,0.374291904625717,0.424883699620432
"751",0.52506905715558,0.333366221571764,0.412601224526908,0.343050022918038
"752",0.754168147764207,0.2388582639474,0.429499216081868,0.419193911152642
"753",0.875368285809163,0.330416943257599,0.247240706008889,0.381005786512588
"754",0.705362702440304,0.235678669866895,0.418527185981792,0.378220748153753
"755",0.447401831297228,0.295457752038175,0.482197424726222,0.412797670668937
"756",0.562508230764432,0.296625406910363,0.410135365190849,0.416261683968666
"757",0.63716005898726,0.341090307616934,0.338541886967906,0.43711725179173
"758",0.453488719279777,0.263535749544595,0.494284964575874,0.373466141455159
"759",0.547992182978361,0.30611310338206,0.427406165759742,0.418416081556768
"760",0.615408440768794,0.339760590701885,0.338651444277163,0.311135050912861
"761",0.723214472520238,0.308281926434839,0.334018450940111,0.426808658235456
"762",0.793910136372142,0.339520764747957,0.293456543378629,0.362106484595891
"763",0.509783638829573,0.257619261712631,0.478325689759331,0.353516471960012
"764",0.60188770564902,0.255200535742768,0.447267298692382,0.420357633381455
"765",0.857760892032808,0.348585611361212,0.285842377672733,0.467422191696456
"766",0.64846745231874,0.322602849394862,0.349890374477858,0.390078136531833
"767",0.703108271603748,0.301120587682283,0.345966124906676,0.432722954684954
"768",0.657866226732406,0.228579199264857,0.411762897182291,0.347088186915033
"769",0.576620636646409,0.287849685822077,0.405825803576388,0.402501160906037
"770",0.681099527774397,0.240331870862678,0.381176928011251,0.395507597973788
"771",0.68474088053709,0.290765906583571,0.373150149226326,0.448011213267019
"772",0.525489073651807,0.288518621514232,0.452385490677706,0.402103616567673
"773",0.713476897689007,0.262494310686169,0.355781999340128,3.51792018565882e-21
"774",0.503790794774898,0.303455716601132,0.455515964980337,0.422806710885237
"775",0.681081563265628,0.282105984935282,0.353940376330651,0.391966572969296
"776",0.497637681470595,0.314854091978186,0.428036077163105,0.390070560229348
"777",0.873321720232609,0.373465093716543,0.199187519379088,0.381886495725995
"778",0.511383245116658,0.312815772152778,0.417746719524049,0.419025620237338
"779",0.413478193313872,0.278079694588938,0.518801958692493,0.406289029113822
"780",0.670116508768612,0.338019297682882,0.330916481673266,0.385671839798585
"781",0.821181463031734,0.300674935621981,0.315376671834486,0.394026632868544
"782",0.784710147840725,0.325261269992453,0.282703240351854,0.422357642134547
"783",0.514127531051699,0.285561307335887,0.475468607189392,0.36783435120841
"784",0.612372150628042,0.318790900210948,0.362416382989169,0.401666106668076
"785",0.580891218531165,0.33381954746105,0.399748655517836,0.424519079824096
"786",0.77193513558394,0.278048783647453,0.328034399054997,0.406938259687561
"787",0.808362863239294,0.327569129703751,0.255748016653157,0.36398831065584
"788",0.483261611020664,0.253913862721627,0.502231895494894,0.346335317140512
"789",0.636672478707612,0.304400157417488,0.39749132268381,0.439088507706191
"790",0.630949941499218,0.363496457523551,0.305279105167159,0.427724236155819
"791",0.784171259342818,0.339977313399224,0.289966645561372,0.362608882382186
"792",0.625851412482923,0.330514758690185,0.362450598712916,0.450901552802065
"793",0.917466953079777,0.280235350580284,0.235225947054392,0.394329633123468
"794",0.722498657361448,0.29856625585713,0.339466690933838,0.440440429559954
"795",0.803814813385409,0.279857984500105,0.296446759274304,0.425649390910995
"796",0.365289146104776,0.272632496365141,0.540860789819146,0.395400858008427
"797",0.693018585277668,0.294457307791141,0.385594929936935,0.501332401408512
"798",0.467854324089137,0.293633393192302,0.482604128704808,0.410486772168431
"799",0.723216271085421,0.277332764165293,0.380754388956594,0.45267111215999
"800",0.71124333244002,0.310158382729783,0.303275898827597,0.430949440040332
"801",0.586886673147315,0.282865330943232,0.423375137295125,0.400375283998895
"802",0.583512692272436,0.300955924165672,0.417628409445018,0.357684172621409
"803",0.576583463197866,0.339756948172151,0.383826343134082,0.442991196812861
"804",0.526749745972095,0.314332214709803,0.403005364299416,0.387653076985974
"805",0.663013636852538,0.304093087781431,0.356396597447356,0.336019600834819
"806",0.618615168854474,0.269844355830792,0.426994728493051,0.40029022753245
"807",0.746832978837707,0.329519128713071,0.280380559563361,0.351531508836663
"808",0.682433350448848,0.294057751028112,0.374791940477106,0.408616313709981
"809",0.555602999303286,0.306761711071675,0.406523230598984,0.421041659316514
"810",0.620377397143312,0.313777687194178,0.385401379202374,0.470143971574921
"811",0.597708975606324,0.320743270022045,0.399286183992928,0.454770812120634
"812",0.467774496584045,0.26080034765774,0.493705500357324,0.459130531450004
"813",0.565621165085402,0.313347717859859,0.415123771938533,0.467335009548528
"814",0.617283219400551,0.296069208309613,0.372582175888833,0.424297622100017
"815",0.731350145364295,0.281458035679303,0.363570910235152,0.375853799093474
"816",0.455598727546505,0.250556633160269,0.494288622556785,0.36433884242347
"817",0.479893422646535,0.319884292806471,0.4540043361656,0.449594312492935
"818",0.799950142006115,0.294476219339733,0.334658215102125,0.448341027657943
"819",0.698116325033144,0.274495166497309,0.375685184019175,0.339278490471504
"820",0.579355922578367,0.305282289404935,0.392197692801047,0.399981322010526
"821",0.433113234795458,0.233395295161174,0.541800800684246,0.334590696398538
"822",0.62330489946441,0.282550215958472,0.405807285174696,0.433876432766355
"823",0.43733386167112,0.278124284235182,0.507545111407327,0.374878308355538
"824",0.71882968406135,0.318009894639645,0.335826955311121,0.373561926639047
"825",0.644503230321652,0.289836138416147,0.401219013686274,0.47110637206454
"826",0.709384085846551,0.317671278831033,0.33480749242296,0.37116996561118
"827",0.686158617950487,0.348281336033195,0.324218571864174,0.411295837555001
"828",0.451062065529246,0.283747984626961,0.483885988070628,0.376558346189308
"829",0.702200930955562,0.31183243447478,0.347929964994537,0.400323303895391
"830",0.589198021293739,0.277690598331516,0.416976768609523,0.393480301279881
"831",0.750363819849811,0.376549281463692,0.274136509812055,0.386431661199167
"832",0.982872004887259,0.307021630880973,0.218513362758216,0.403501568000078
"833",0.558065607900498,0.341760969566238,0.374897151042372,0.428011130864042
"834",0.684292575647512,0.278188607091042,0.398549389125134,0.503991546260995
"835",0.656971888844253,0.321263862389521,0.342888434155012,0.528247488599718
"836",0.769059123964893,0.289621239786333,0.320577957427831,0.353503476526842
"837",0.59640593140639,0.297272253093224,0.408646172672878,0.352267199488495
"838",0.751757487658725,0.25495867328231,0.356822114876035,0.45571460501763
"839",0.686259343765953,0.273043289130016,0.383694012115235,0.424825071079427
"840",0.639227658776992,0.348105665103788,0.353718467009478,0.452444876522641
"841",0.753828264557632,0.33805497685404,0.30523509012736,0.390406527047323
"842",0.557799990907192,0.265652404107463,0.448765993241244,0.366066950155343
"843",0.607205595156038,0.310048671834761,0.3911570488585,0.428422399032898
"844",0.680405130239709,0.25915563436703,0.421790486708774,0.436480737097064
"845",0.580449039643583,0.25407458951462,0.442954078820802,0.415338902789829
"846",0.615243341388671,0.346929303450049,0.345985086340552,0.364856339561085
"847",0.755515135714274,0.42338764594166,0.202426145603968,0.334084474618214
"848",0.603618026899903,0.26495665245778,0.415195259838195,0.444555147684148
"849",0.763116319364654,0.327356072119668,0.302273830474823,0.393541009019619
"850",0.614520193393369,0.299975260701279,0.383545692931785,0.392921582715192
"851",0.761409663242426,0.298422662854029,0.341217656509751,0.386534774891378
"852",0.49492718667869,0.239937048881391,0.495873922107194,0.390781464027769
"853",0.409128158791189,0.289213052521089,0.500456082785764,0.419391353098532
"854",0.565472138657365,0.301677132570874,0.429289599533012,0.462087450485988
"855",0.668989345409216,0.315385734150103,0.370359491331165,0.413779231474618
"856",0.661226154314848,0.335948848128535,0.345396307970415,0.408928194070864
"857",0.667582508176496,0.257047222750817,0.408945728811392,0.417676213466022
"858",0.40903974990278,0.215873876249761,0.556677009004665,0.373778183894517
"859",0.641930305780488,0.366723765522553,0.332950925697016,0.440426163580584
"860",0.599029235434528,0.345917835699709,0.365281346794271,0.334925945408535
"861",0.750216864955697,0.355492690982644,0.274782884356823,0.408456418484314
"862",0.489106811899208,0.283544907869825,0.466188574525796,0.419065744134543
"863",0.47051087288411,0.286005847671525,0.480365862578623,0.356781396639536
"864",0.754856134027957,0.325518860084603,0.289359649824995,0.395315679089238
"865",0.617673425898784,0.278693907006502,0.41025173988778,0.337265346158988
"866",0.616206541883505,0.288021916756263,0.394309435475615,0.469999789109469
"867",0.674444663326969,0.276640482908322,0.392237251345692,0.44009264538131
"868",0.505942066135217,0.295743514061632,0.47791877942084,0.404773395127883
"869",0.627820591882956,0.355691984312658,0.351094158617068,0.436637551889113
"870",0.65103253580318,0.28615871264838,0.381003966827538,0.463426887966622
"871",0.709266020887373,0.379377949701873,0.251227579656624,0.470519567865047
"872",0.364340214549269,0.23878735464095,0.573432088953643,0.401366525429454
"873",0.464340276866808,0.264178335943754,0.491075402638356,0.369779939058705
"874",0.584284038459379,0.342154966503388,0.352952356259855,0.405447563670893
"875",0.514949239062164,0.320895426516869,0.431829939335374,0.438183578404199
"876",0.699473803603932,0.301183036426871,0.364491347402304,0.45214291780417
"877",0.416244363454308,0.324119244083705,0.464455174177362,0.333010148464127
"878",0.520106341754441,0.301970632729651,0.429721523703027,0.393023042722368
"879",0.662356615439744,0.251080263166872,0.403011815396505,0.395695607034839
"880",0.665043255304116,0.329499699779368,0.357022341943484,0.418546538204798
"881",0.62209374903595,0.307178172109957,0.377547909252457,0.436667458291758
"882",0.786010769704669,0.280870384640606,0.315376913907014,0.415877445174679
"883",0.526047805126556,0.300573964942862,0.401068409436602,0.369955860330898
"884",0.641505113536992,0.313534384373127,0.364724934823398,0.402100069498301
"885",0.675312779503469,0.317872342067149,0.347478807959528,0.3524972067729
"886",0.483240827951167,0.285615315877647,0.484904164900108,0.347917208314585
"887",0.583222823221286,0.328857430976209,0.405675898612301,0.443175939238768
"888",0.613147090150043,0.276330461731817,0.418916538976343,0.499965647711233
"889",0.46115392889572,0.289337228336246,0.495637349509771,0.446509063566641
"890",0.557603708923598,0.337648099630853,0.376574618503093,0.396477778997354
"891",0.55962526532738,0.282041942980096,0.449276899315241,0.424508233611146
"892",0.843974381427896,0.303678084783241,0.222681989270044,0.407774976008162
"893",0.412815100599432,0.239755442148667,0.542490207801643,0.381588106210483
"894",0.414126213165276,0.269531930281569,0.506473524168278,0.424452805134549
"895",0.603926801258796,0.342236602288893,0.37086617730727,0.454285173961565
"896",0.702230798760753,0.215404103064046,0.423420807033546,0.390762080318438
"897",0.603633660693599,0.287483197342845,0.418581065603583,0.400792999214715
"898",0.676428575107071,0.354298150935173,0.301218315783256,0.459962406096573
"899",0.697619491230039,0.349418070843891,0.306576059351381,0.401007012295841
"900",0.680195635543941,0.274116702782993,0.370776372933929,0.384278996505218
"901",0.738382041882446,0.278610140618977,0.343295539328475,0.384297635188371
"902",0.748722653441471,0.269067005773867,0.351865465660964,0.398097543540526
"903",0.533576459430551,0.294980878928272,0.444846044548531,0.394226401530948
"904",0.592048157578796,0.303298957506769,0.403522343041143,0.435167664981061
"905",0.51532456809514,0.318530683209742,0.40784524421006,0.343013532736938
"906",0.780347004922535,0.257126806353801,0.371112723888488,0.412311375801029
"907",0.653160406892235,0.292340980106179,0.364652118550354,0.361217644772929
"908",0.924612138434056,0.291923465230061,0.268683502101887,0.413823923792984
"909",0.788038143908237,0.333628435900954,0.285372548992243,0.423398691666222
"910",0.319058772235099,0.242276585998407,0.598310400547751,0.344423921132274
"911",0.753627764717303,0.274135413297735,0.357997430192961,0.42536914946074
"912",0.569587377042478,0.314191411197983,0.411613269774198,0.415330855504451
"913",0.477242031752201,0.312783264217007,0.457849121756568,0.383638007376661
"914",0.468300744615148,0.314197361730817,0.439483954690395,0.332434374309024
"915",0.659391194783416,0.317998398617468,0.347804714227003,0.438305987934988
"916",0.691706215361106,0.313937069199494,0.355702197067459,0.501943757221078
"917",0.914454482891864,0.309471976499597,0.224692472257131,0.427609241680655
"918",0.506878399419998,0.317639358216685,0.421596756714286,0.367848386718841
"919",0.686240248284205,0.304755420420659,0.362811021943593,0.470135760669372
"920",0.531871447352731,0.258568516071552,0.453062776301606,0.405393007847974
"921",0.561479754849599,0.301700209690136,0.404837182940106,0.466525502149859
"922",0.753043847797638,0.270477285598137,0.340514520520998,0.370171283230395
"923",0.470691028513784,0.265519431322113,0.497305379955425,0.378462420184856
"924",0.686170938840942,0.323280660961011,0.319598115632724,0.424525672291763
"925",0.551605545083496,0.273081118214413,0.442927198412548,0.384084091666617
"926",0.4075878574456,0.273875130225504,0.50877192338491,0.382009026234352
"927",0.586816898010842,0.253466786543219,0.447180559836966,0.384249817570426
"928",0.419942392376271,0.301492651665796,0.478414071147285,0.363411932560171
"929",0.644518147937241,0.356338715387372,0.317055837434695,0.421709849364384
"930",0.559383737586685,0.315509892312763,0.418226022086656,0.409018450161887
"931",0.563298316880961,0.338437875462399,0.361071887539368,0.379337035618356
"932",0.502211288387166,0.31792106122358,0.423871764392046,0.405520258076066
"933",0.705575298766068,0.310189912726595,0.321016465944323,0.414640757739763
"934",0.585416605745143,0.301624680860721,0.434404543650311,0.402150383915007
"935",0.684741393251106,0.313583430195782,0.360630324761241,0.36467583512668
"936",0.667738394280975,0.294757811048144,0.350239695485219,0.393821068843029
"937",0.597125577050169,0.248400285437634,0.445299628341178,0.425039609181879
"938",0.713764502507148,0.287314497987539,0.369314615894231,0.495365889338642
"939",0.485588706955723,0.315386318405515,0.451090209070559,0.454402793274388
"940",0.560460172937753,0.272811409664716,0.408951894651454,0.368063792004226
"941",0.611791126302712,0.299416508323209,0.389078147619245,0.385750493597743
"942",0.448230063237768,0.354346913359045,0.425958432576062,0.388642950286952
"943",0.516431038877041,0.316085437987846,0.418148977771129,0.455421563933595
"944",0.624221413707993,0.358767887791743,0.341903900567,0.414373061819194
"945",0.508135524768846,0.295601606798339,0.430337827344587,0.38249812666098
"946",0.664962981020763,0.323139630281199,0.3391597454815,0.389185474899296
"947",0.613853825078188,0.344091462763049,0.334815924222054,0.447171199598802
"948",0.674219621972976,0.350774993401603,0.332876926519425,0.326191462637076
"949",0.605432035843029,0.311393114212032,0.38148660742602,0.364580429606665
"950",0.751726288302318,0.359445024860884,0.278444461420396,0.397030643404728
"951",0.53815179143501,0.29326720350691,0.42698761275745,0.321568986254531
"952",0.673428775890402,0.303605863686892,0.360460671409341,0.345790395496769
"953",0.602736437330445,0.301960342876519,0.389689852920318,0.441053745182462
"954",0.524880160275277,0.309668811842897,0.414568771393887,0.458758477373847
"955",0.581210354566444,0.281631733334791,0.44362348040523,0.445721247870035
"956",0.583628778956859,0.303638475123592,0.385898639378047,0.385655830293472
"957",0.485703842409797,0.335923478143916,0.447850888435188,0.420575680267711
"958",0.613152663738973,0.254166872907297,0.438249811901041,0.458079139816018
"959",0.830912281470368,0.289161638231121,0.298517785338463,0.318007164669327
"960",0.509239317013685,0.254616233547322,0.496291615661223,0.353280739487375
"961",0.50802396349393,0.287121508882644,0.472354660057999,0.44879292679649
"962",0.62838264715254,0.256497289519109,0.42573581803819,0.429458889871974
"963",0.641360113642206,0.361172468905882,0.332643503025873,0.357435272742913
"964",0.77222433684643,0.296542712953589,0.304137156135019,0.495700265052812
"965",0.437269642683995,0.265609072027343,0.529275427810963,0.436525027836748
"966",0.463583777939767,0.266751501877916,0.517606462421023,0.479349115936225
"967",0.63614748817506,0.293194231408285,0.359818923829927,0.416603999436338
"968",0.626766815774579,0.296041024110841,0.366532013401058,0.407414741743314
"969",0.495449740209373,0.261238009254629,0.497056583069684,0.417706580831124
"970",0.70005577209286,0.32197340372617,0.315510970085944,0.439267971432767
"971",0.517782765622081,0.288316736746538,0.468051953627828,0.370600098919594
"972",0.498838213411738,0.321585179110271,0.409052596829122,0.372812495649549
"973",0.584837148279132,0.25571602997278,0.458229427913285,0.445228299051592
"974",0.723165740143093,0.364380173146985,0.30482556149171,0.385193642590713
"975",0.685467543543158,0.300738718390367,0.375318160967649,0.388156568093324
"976",0.576014020071112,0.270560755429528,0.445555901788119,0.446674040221569
"977",0.650147946845189,0.253683116740057,0.398090529812626,0.424335972988937
"978",0.62371762334791,0.297497126890115,0.381203721955143,0.373915657248838
"979",0.6229615271242,0.293556963764346,0.390754972458242,0.388743753014132
"980",0.422888842396416,0.298027608052501,0.487390294317991,0.362009946557959
"981",0.541677945765798,0.294128858938652,0.440799234965802,0.395590988565122
"982",0.672248413112252,0.356277174784624,0.307966951849038,0.312019482070674
"983",0.800136124485573,0.298254546733636,0.299391774257752,0.375966742801825
"984",0.623719358440712,0.297562805812298,0.397274946069693,0.42652404951439
"985",0.727071102826646,0.29492006797005,0.327794915346295,0.416348392947314
"986",0.514802053686464,0.280748237737875,0.477044319398698,0.304034355764382
"987",0.606549679867298,0.33565147012839,0.362197062423811,0.37886430684705
"988",0.515193622816887,0.263925507011257,0.485705505124987,0.390923460017831
"989",0.545431308280859,0.319238791809765,0.420096688209035,0.348461579171869
"990",0.752716199637579,0.354878982479452,0.246849099161244,0.343613069034912
"991",0.605629676339972,0.274568824758805,0.409875266220868,0.433746360874934
"992",0.74238962222138,0.278647607517471,0.335206956066089,0.34883208111247
"993",0.541166998834353,0.31138544110832,0.425260933955802,0.323664127899026
"994",0.603422851675967,0.292415819507612,0.408944561149703,0.367721841609056
"995",0.707774821363322,0.272683919398869,0.350863487724018,0.422012122116382
"996",0.620061848389112,0.273801141172024,0.390974556559804,0.368447094571146
"997",0.605063369754553,0.32072907497025,0.379331416726074,0.328600871268453
"998",0.599475562991724,0.319877216629746,0.375395774480431,0.470585128478292
"999",0.640425985848761,0.26393353523958,0.404301628117581,0.290147501601022
"1000",0.490107002220407,0.276427162698755,0.457087482629882,0.375192452032805
