"","(Intercept)","beta_1","alpha_1"
"1",0.210413372615849,0.0385710748006257,0.10448746678666
"2",0.0968661611643507,0.0417000858332996,0.0780531989822796
"3",0.14760639389646,0.0373106469535346,0.0758561053508104
"4",0.135433272420208,0.0361837100944671,0.078482519389601
"5",0.184563192680966,0.0381476753571675,0.0943820922819217
"6",0.0947575623419454,0.0344341001085996,0.0571664824400739
"7",0.210041438081394,0.0390061413236982,0.110276407345257
"8",0.221875513984404,0.0393077507848604,0.114106069753535
"9",0.150513845679325,0.037550368890614,0.0789433894918629
"10",0.141380607188994,0.0455840181859495,0.0941913905649759
"11",0.129018177735107,0.0416692700572257,0.0858507339754907
"12",0.125079603046072,0.0449718227255694,0.0917693317171766
"13",0.157113143692485,0.036059261230676,0.0826664866221471
"14",0.146868498835836,0.040370959033386,0.0990202433396966
"15",0.15242711111734,0.0373807859927641,0.085037947871339
"16",0.140972559582158,0.0361575136626737,0.0797987054955542
"17",0.15941799541255,0.0373362611568055,0.0808455889058297
"18",0.157125250039755,0.0375843539839978,0.0850311626646064
"19",0.129169115677277,0.0425579109374883,0.0857405702415366
"20",0.232520477345963,0.0463679987697249,0.128137096213747
"21",0.178671683262704,0.0370125581364948,0.0996241768035033
"22",0.134113642396684,0.0376546998549517,0.072715272405137
"23",0.126660762055287,0.0350028390244656,0.0729775873713053
"24",0.112683490576775,0.0433947077640031,0.0845654210522265
"25",0.167169337339381,0.044941754136143,0.0996288651984206
"26",0.138448615487834,0.044228715562625,0.0930192190181719
"27",0.156486791468897,0.0377776721910796,0.0726012402847227
"28",0.195253842399731,0.037737876864083,0.105500196093411
"29",0.180573813282716,0.0393849303267147,0.0889531078341019
"30",0.199366667781909,0.0400621094191753,0.103013094666387
"31",0.160938237742642,0.0450278650535507,0.105003179046723
"32",0.235709602540881,0.0450709452331042,0.134815431624754
"33",0.176406206945773,0.0442614783130201,0.107644576657035
"34",0.324453573927235,0.045833501575116,0.167439482596086
"35",0.14361120777951,0.0436073679004384,0.0901504225399665
"36",0.207279248215891,0.0450570352266522,0.117007010360767
"37",0.219445332493395,0.0454185473141489,0.143060552946892
"38",0.169890919132846,0.0381551659101899,0.091687502250935
"39",0.220858398849164,0.0467528374599342,0.130996197482542
"40",0.141335146041377,0.0441961558351843,0.0966234039763111
"41",0.180571795497921,0.0455868979099583,0.11940912897309
"42",0.112920001326563,0.0351233546548196,0.0644952386433454
"43",0.124294426621212,0.0359943626938319,0.0721222921932031
"44",0.147677250004487,0.0435434512941416,0.101326708647575
"45",0.217218417445408,0.045594098235838,0.126955451923833
"46",0.150772665118352,0.0444569822383192,0.0958295018674777
"47",0.14112185771697,0.0423248095466687,0.0926050590210876
"48",0.20025424875427,0.0427515398284858,0.126898163357414
"49",0.180006356270862,0.038531546917339,0.0938999074855471
"50",0.200243488404967,0.0457914660404961,0.12045177123363
"51",0.115038854372661,0.034724677837689,0.0664498760681095
"52",0.196080210653592,0.0449015627226598,0.134320139440386
"53",0.161686902391443,0.0448675680282956,0.104226394391086
"54",0.113808192959349,0.0343576125686744,0.0653800950616966
"55",0.182133806264009,0.0402481194873861,0.0900797255316382
"56",0.155194190802393,0.0434932233101913,0.10358834636717
"57",0.236463236662673,0.0461446167660835,0.140741794973264
"58",0.142905763565568,0.0367207182588436,0.0741632688808828
"59",0.112686677829172,0.035160844938753,0.0626637971402143
"60",0.176830605699292,0.0436339131824957,0.108953054011826
"61",0.134159961498339,0.0438804880125113,0.0962210068641078
"62",0.149725326479717,0.0361363428825741,0.0718669653638201
"63",0.165056634014763,0.0366174218833206,0.077433427888304
"64",0.149857894017489,0.0437517325920071,0.0988244505327725
"65",0.112839193661828,0.0355354978151593,0.0661374402895148
"66",0.169291385865433,0.0378784785639348,0.0874944466136965
"67",0.123794547963308,0.0338190071715561,0.0656892111237526
"68",0.187987982472465,0.0449619120506291,0.111446075716058
"69",0.143978634901621,0.0452292437548664,0.0951640001797625
"70",0.142382426787763,0.0375209393155554,0.0751287972868151
"71",0.119218634441853,0.0366719182093146,0.0649197909639752
"72",0.221630148685494,0.0457483633604749,0.130163500966997
"73",0.148085831964955,0.0444167796851495,0.103453999691528
"74",0.185142256916641,0.0383186320601152,0.0948333712669506
"75",0.129868716876085,0.0380695333865147,0.0713932442922616
"76",0.181761673972365,0.0457263146534229,0.114834689940975
"77",0.172311656423024,0.0382319578253795,0.0892199455681258
"78",0.196162179266905,0.04476010891873,0.116921706899525
"79",0.196847340123096,0.037590659067264,0.0958925359508647
"80",0.074060673847072,0.0313594184068512,0.0497443171404605
"81",0.15568297550239,0.0450435963859539,0.103950797487294
"82",0.186982286790381,0.0473616796326509,0.119218278089814
"83",0.207819319594397,0.0392197486991808,0.0936881174606831
"84",0.227192464480612,0.0402035655830324,0.113719052948103
"85",0.221588513286556,0.0397407523733264,0.0984894094602777
"86",0.176148677929969,0.044057359919802,0.105141776558084
"87",0.204601927765513,0.0389582840413213,0.0968671677828823
"88",0.111578089149902,0.0336906400728248,0.0666424157308095
"89",0.167784653295128,0.0369451326659038,0.0833347782124291
"90",0.189895974841465,0.0392626594688929,0.0895832735595592
"91",0.149956492428112,0.0450280102317951,0.103243487331592
"92",0.154954423338231,0.0452304954055894,0.102246072476485
"93",0.174102405685302,0.0383420803313287,0.0893007746752404
"94",0.134349233010233,0.0361014868021413,0.0758431646929033
"95",0.137759583708285,0.0435485179892582,0.0974558200416054
"96",0.193421394795092,0.038386569297272,0.091562556272378
"97",0.157369798965871,0.0443195629653688,0.112228616689344
"98",0.132234104714355,0.04087503907093,0.0945716141061832
"99",0.120631497874534,0.0358964193276676,0.0699043034642672
"100",0.201313352006969,0.045392427015752,0.117775410825538
"101",0.170932631671595,0.0452835843510722,0.110982038223092
"102",0.100249554350323,0.0425990748894964,0.0777372176555188
"103",0.189571180074618,0.0428724787906287,0.118902190732843
"104",0.1941950803524,0.0428375580361704,0.12517505416138
"105",0.117339113824159,0.0354244728220268,0.0695488746091073
"106",0.14744322624008,0.0378894482120066,0.0756048101878315
"107",0.111492033636183,0.0408563088058279,0.079051385724911
"108",0.188019955788111,0.0449142220469805,0.119680260526338
"109",0.120399560725535,0.0363998453191554,0.0688482989598211
"110",0.1280724868026,0.0357612774576549,0.0678296214693328
"111",0.146819199562431,0.0361215877814899,0.0709604253623423
"112",0.232066725527571,0.0449374775143949,0.1436247756089
"113",0.0983335287215104,0.0346906009329523,0.0595914723388064
"114",0.162657386849235,0.0371883487572914,0.0822346636538978
"115",0.111230444939764,0.0421671203050688,0.0797932122356276
"116",0.186253456657548,0.0444535056872436,0.11780279561733
"117",0.172292872370136,0.0460152048364667,0.103165407680689
"118",0.0957474900835159,0.0353242505281977,0.0587510018689412
"119",0.12009518156104,0.0344470597231853,0.0648454026675316
"120",0.152321219229832,0.0446540289155572,0.103784916761482
"121",0.137088796885758,0.0446747402989104,0.103740649201379
"122",0.136688138029402,0.0446638838351918,0.0926728763317134
"123",0.127279599831061,0.0423655448462063,0.0897764772524877
"124",0.133023902344921,0.0442663099622223,0.0891649444608683
"125",0.140776600875622,0.0451495965193919,0.0950477567354853
"126",0.134985587858242,0.0357232762024479,0.0748439476251324
"127",0.185462859964051,0.0448775578721902,0.130387650030277
"128",0.168762583032667,0.0451363288447601,0.109727460212693
"129",0.21990125454101,0.0435686677074035,0.135598606991678
"130",0.0445388404405267,0.0324043880034917,0.041607948221778
"131",0.100021258692347,0.0387247040141702,0.0772938145884176
"132",0.10596206802461,0.0343999465530792,0.0647921314569124
"133",0.146623457410591,0.0445608774318346,0.0999998254944307
"134",0.133929885114718,0.0435722929630041,0.087256581499786
"135",0.163165464528239,0.0358882234929932,0.0865105465278181
"136",0.126934399641151,0.0423199886301006,0.10114338770719
"137",0.213085660539555,0.0414847965272204,0.104728165784823
"138",0.169348589349466,0.0426955210623434,0.112102029522751
"139",0.193847875609557,0.0447614637785523,0.119371149856708
"140",0.14422237280254,0.0369434669429935,0.0782001564169957
"141",0.171256959490912,0.0456105412169422,0.113587098471907
"142",0.147927769237811,0.0418375963903694,0.100074891025205
"143",0.176146806145059,0.0396555106526437,0.0908453870901452
"144",0.219271220173227,0.0445114109337424,0.131719426111932
"145",0.160353241795003,0.0356337127565863,0.087728384165823
"146",0.138257917661733,0.0362731429761012,0.0689540877594522
"147",0.133745156259005,0.0363161033284153,0.0701941395601953
"148",0.186188726037779,0.0390539955446559,0.0934637539252518
"149",0.149885503959641,0.0421740498158914,0.0991328574922857
"150",0.128235453309365,0.0355252007724206,0.0688794714295488
"151",0.148450788899336,0.0443314370614496,0.103441605313785
"152",0.135809589213775,0.0362081118362861,0.0657011739788157
"153",0.173765947898933,0.039614421703978,0.0833927328810768
"154",0.111348107611203,0.0357186202562853,0.0654015423725678
"155",0.166125960224089,0.0450752462273928,0.101414820716631
"156",0.275130685821216,0.038972741973859,0.138233378207221
"157",0.205080265403469,0.0449679258760085,0.123461353442821
"158",0.158417263526803,0.0352963276310377,0.0786193694250695
"159",0.132435678745903,0.0355336689955855,0.07840637737985
"160",0.148187140104508,0.0393602935319264,0.0796077267248728
"161",0.136989203211265,0.0366200463219621,0.0726202151960636
"162",0.183319602409517,0.041603097947627,0.117285745021428
"163",0.134461597384031,0.0442865180813332,0.0988047783988239
"164",0.134839373505803,0.0370685418060542,0.0735888259648684
"165",0.127524532570936,0.0362801512724109,0.0715114016999754
"166",0.169639937858737,0.037929100572946,0.0905043262329277
"167",0.135794332237589,0.0348147402308612,0.078241452144208
"168",0.138402910927262,0.0365059634931963,0.0745349416249478
"169",0.147596229189023,0.0377041265553036,0.0802349916026202
"170",0.171256662298061,0.0379563326851864,0.0832160892497518
"171",0.170055682060592,0.0384861121291214,0.0889252274787963
"172",0.21896666492451,0.0457526116757807,0.124462019525809
"173",0.189172173733771,0.0450490536172224,0.116077945123941
"174",0.145648259507978,0.0379520858602588,0.0789421794925832
"175",0.20371332462267,0.0464011776784656,0.123411453550121
"176",0.181638259828873,0.0433525184451402,0.113132051567714
"177",0.171328006642408,0.0435127391988002,0.114644341437911
"178",0.246805075114952,0.0460777826422184,0.135355200067719
"179",0.11101491739721,0.0351487597464039,0.0619660415493296
"180",0.196600419983047,0.0443218116413117,0.119917033792661
"181",0.13093888309961,0.0437331365335483,0.0869584932107925
"182",0.120833471149951,0.0337462113388723,0.0668291427260203
"183",0.216242443867688,0.0458497816149296,0.133549718895115
"184",0.16342717322066,0.0440204074713145,0.108739708041619
"185",0.180193408704886,0.0449521431996144,0.111295622440031
"186",0.129092993974036,0.0442762661460306,0.0874317986583075
"187",0.159189496339783,0.0368577491045437,0.0801172030944267
"188",0.18312355130373,0.0443201928065036,0.106066045449519
"189",0.169046693996023,0.0355901378483668,0.0938915184462773
"190",0.0895213036695706,0.0328223379496968,0.0529867809784632
"191",0.161532657161025,0.0456496285325598,0.111264007589675
"192",0.219908220110772,0.0435202541066369,0.13316096760034
"193",0.143175986049964,0.0454647326549023,0.0943048626743606
"194",0.147905112596705,0.0452556923527762,0.0936168394352266
"195",0.195598758384642,0.0375593199586893,0.102055157902258
"196",0.122401875427668,0.0356273999571532,0.072368495173252
"197",0.0993310135544107,0.038300065196043,0.0715399263165409
"198",0.174276387911727,0.0384624219468394,0.0904810178808082
"199",0.125221152729132,0.0342109266687368,0.074679712293357
"200",0.140326553248373,0.0453282247180877,0.0990190585937859
"201",0.260531502406856,0.0461618651916717,0.15807342052129
"202",0.194271227175519,0.0449956840973665,0.124429793058915
"203",0.139556312377632,0.0446907624716733,0.0914463482112622
"204",0.114840660675256,0.0343201741091602,0.0654388760624082
"205",0.187862318380821,0.0454711447746867,0.108255582501167
"206",0.1662974107858,0.0393507145768062,0.0861477317395407
"207",0.126025920481834,0.0445535794877329,0.0886667769995409
"208",0.139956589111616,0.0369484269685583,0.0739136012850448
"209",0.0912396805417528,0.0413452800360089,0.0691562049033515
"210",0.23147996531085,0.0444466592388995,0.135836050171352
"211",0.188579345261357,0.0380617134863382,0.0978500270489081
"212",0.164086335401055,0.0451030319970623,0.108480371681916
"213",0.166927029889887,0.0367706056245339,0.091484952252184
"214",0.160033063104641,0.0439328817688004,0.101081564166546
"215",0.213789249432209,0.0450843375262096,0.129525929168734
"216",0.0638763290524207,0.0306671905797976,0.0451348432245619
"217",0.148120680869318,0.0378660534433716,0.0812254686986339
"218",0.171924870490645,0.0446531742331765,0.111516546749021
"219",0.182549176751129,0.0448743911727998,0.111281244919511
"220",0.149478700511329,0.0373831287020144,0.0807560719043419
"221",0.15433999210275,0.0433362530568003,0.0980660870628369
"222",0.147459417881019,0.0416350747748866,0.0963341149557908
"223",0.186231786385955,0.0378172403162992,0.0941887444931305
"224",0.171050835787512,0.0379510809863599,0.0923536190339172
"225",0.166680539378996,0.0380683257607756,0.0890245540218595
"226",0.158846888402314,0.0375588806469572,0.0845242423315587
"227",0.127007181852174,0.0361669294773166,0.069542240992344
"228",0.19484270306827,0.0428269065011623,0.121121101159522
"229",0.223840080610071,0.0403459219255888,0.104261679596603
"230",0.154617152125821,0.045423485935255,0.0983922479372337
"231",0.112639527971709,0.0440972943359589,0.0802635113406298
"232",0.205831302600889,0.0443232867203413,0.127735039841707
"233",0.107798727530415,0.0349915519812817,0.0612300205607183
"234",0.115460335662278,0.0403672758591,0.0837741413535544
"235",0.175419380971665,0.0427151213060681,0.111146174769944
"236",0.17189154938576,0.0374714424160677,0.0835531852638535
"237",0.22083231699919,0.0456438507551511,0.131841232226501
"238",0.145769082231801,0.0409142098677518,0.09171865498322
"239",0.0986723555942857,0.033783914647038,0.0615754915100211
"240",0.255134702419012,0.0401417138108004,0.124936226061485
"241",0.127702601301409,0.043452526506094,0.0877063708954447
"242",0.12540750591159,0.0438685393779888,0.0907511769514511
"243",0.109622140754958,0.0425805274994831,0.0824144209687712
"244",0.126408006712601,0.0449891795443403,0.0897775602065202
"245",0.113190882624004,0.0344402608834544,0.0663877671546797
"246",0.231942793165506,0.0419242430792885,0.104390946598871
"247",0.196532085758903,0.0449300540674052,0.125218933376782
"248",0.121289080174305,0.0354325220497554,0.0663434141638868
"249",0.160849801837302,0.0429858656721094,0.107854205026101
"250",0.193965663886529,0.045681935915816,0.11982362931787
"251",0.158287429509156,0.0370072655555916,0.0865708779359982
"252",0.15499967684265,0.0416869772928171,0.103304579040336
"253",0.104330627159447,0.0411385121590231,0.0794381130328491
"254",0.137021416917327,0.0424928022780072,0.098326911371906
"255",0.222330203297952,0.0394281436064388,0.108410845030118
"256",0.123794052230716,0.043810260815886,0.0867844894420515
"257",0.219811626904535,0.0450696664950319,0.125044267827891
"258",0.188136604544148,0.039560238662686,0.0962409778066899
"259",0.209487384450741,0.0457228839892275,0.136458827977697
"260",0.158454454266774,0.0363895857020545,0.0892933141513602
"261",0.104278367327913,0.0432070655248899,0.075532142383313
"262",0.136542614655856,0.0431312583687198,0.0941195618934369
"263",0.204886591274776,0.0392840843023597,0.100226811138598
"264",0.135842424909987,0.0370896513080572,0.0776580005686266
"265",0.115877467790784,0.0333595006700795,0.0657739350653448
"266",0.115952072717725,0.0438856681921328,0.0840244707967722
"267",0.178269169102178,0.0448175424748049,0.109169819967373
"268",0.138703321279073,0.0369940893916177,0.0735917768542268
"269",0.153732482802838,0.0385736453244299,0.0803407489397551
"270",0.183008295183984,0.0440278416960393,0.117136768201095
"271",0.139708757579428,0.0437024594695032,0.0937470993176399
"272",0.197459051475851,0.0442863341961037,0.11429938640851
"273",0.161868912558092,0.0379378373941334,0.0826088922520504
"274",0.159183048570391,0.0445234252751089,0.110560084684033
"275",0.165011246165818,0.0443537681884049,0.106454889809089
"276",0.146658524648948,0.0368049001074525,0.074240886710739
"277",0.153595796959503,0.0370947960838672,0.0884369656641058
"278",0.221038281698175,0.0401398832258666,0.10918477716038
"279",0.125199167686842,0.0363128090966136,0.0729802120549303
"280",0.185394308386872,0.0371807259598449,0.0947235584629419
"281",0.207220372567152,0.0426396624027716,0.125082402868897
"282",0.144752721002683,0.0446149975768592,0.0955818611245872
"283",0.158529465686109,0.0439247801866957,0.107867920730564
"284",0.184907879061311,0.0381391313476041,0.0918749734111916
"285",0.15358211024884,0.0383718862037877,0.0791755289781181
"286",0.137976742111709,0.036683495550415,0.0694854600344432
"287",0.154540557191648,0.0365021148214903,0.0830693099009564
"288",0.179338729010559,0.0448653878340036,0.11798273104678
"289",0.140495212783854,0.036648459677432,0.0736991663654587
"290",0.167519075942641,0.0447522384848037,0.110193204061592
"291",0.172564046881205,0.0430819348915359,0.114216355684462
"292",0.120713046010147,0.0353297015212111,0.0671078446111774
"293",0.136001491630514,0.0431293422439853,0.0926474925705511
"294",0.16821669219374,0.0383679342443039,0.091844945497448
"295",0.152262674469962,0.0371567213624043,0.0804626838908801
"296",0.187614249513035,0.0374646348477636,0.0902073800407751
"297",0.146308871476747,0.0434066622130687,0.106847242226893
"298",0.164865651753953,0.0439064184705635,0.105181816790161
"299",0.141526070348191,0.0362541736966977,0.0670667254746276
"300",0.160578431516257,0.0380079767620514,0.0890493122536106
"301",0.138966318007906,0.0434641065784163,0.0972135439113428
"302",0.159315916377736,0.0430595150656307,0.105448242401311
"303",0.176375220773829,0.0383606604366408,0.0923727960390632
"304",0.130952416962613,0.0385326521984213,0.0694266010040564
"305",0.149252758213171,0.0380928308284202,0.0776048715383255
"306",0.171191037917457,0.0467493012201837,0.108839756680976
"307",0.128145343039751,0.0418082341020066,0.0866411468467159
"308",0.16599202137311,0.0446680018577687,0.105117986356459
"309",0.128050598713835,0.0458435739795581,0.0895951195689675
"310",0.200073608824434,0.0449682615924921,0.118218911759446
"311",0.138928406487134,0.036189953019688,0.076545483246301
"312",0.133821778210371,0.0358255697060825,0.0745555041517763
"313",0.120041487049419,0.0364219341134041,0.0659520446043861
"314",0.118721034327063,0.0407036958255579,0.0815554555549888
"315",0.112157316470595,0.0356612341938021,0.065737278048589
"316",0.20852201227271,0.0394322332591368,0.101443848073264
"317",0.196389796409155,0.0399851213898381,0.0952614552715752
"318",0.184776203939347,0.0421009221524323,0.115791270244206
"319",0.179551515584785,0.0453105878928126,0.123445903174724
"320",0.159036350577243,0.0442123137264445,0.107696074491526
"321",0.152505967012457,0.0373452720821433,0.0772225750067891
"322",0.135485728389015,0.0434502100042208,0.0932823720853627
"323",0.160450394664002,0.0447283099426962,0.101049730618713
"324",0.197762278032509,0.0452587549953962,0.131059550711114
"325",0.135653499753539,0.0447809685166731,0.0880775305520004
"326",0.160081672082874,0.0389598581110874,0.0853455221120926
"327",0.144171768813108,0.0374313964982491,0.0779564672102349
"328",0.104106303066327,0.0440565717987771,0.0771610497572312
"329",0.136480487560193,0.0369170558612997,0.0642097789869113
"330",0.128728865361946,0.036333895959412,0.0743899859790596
"331",0.133782506634119,0.0367003487794522,0.0736034071021027
"332",0.132614965728221,0.0440452701674868,0.0925265161431736
"333",0.163579309800308,0.0441113813696003,0.100026351805885
"334",0.127621579299368,0.0371980628166657,0.065911936449472
"335",0.187639844537902,0.0446246696805973,0.116904331666106
"336",0.151554390004685,0.0449267418517829,0.0961302476400303
"337",0.166550332979619,0.0371366992556778,0.0905989085420525
"338",0.164187907057037,0.0429589919120583,0.110674879683256
"339",0.115781399912868,0.0431505880925528,0.0805262831505858
"340",0.18558362288037,0.0402001641238276,0.0872529753010759
"341",0.17172800958983,0.0470393817267718,0.102569135153354
"342",0.182245759538684,0.0384175648605612,0.0917749576090316
"343",0.156335301897076,0.0365338755945697,0.0842426263076844
"344",0.20664204493625,0.038586925094783,0.104167722414076
"345",0.218980273450022,0.0458991860672571,0.127440922088598
"346",0.172468732562576,0.0456699759350029,0.114744054054119
"347",0.193833350372489,0.0378793687763957,0.096947544683969
"348",0.165361353071308,0.0454235928600737,0.102881178581836
"349",0.190448122802014,0.0462653220638498,0.115917534891529
"350",0.144949579760721,0.0355209915702419,0.0740591051876855
"351",0.149796298244867,0.0449256167577385,0.103965702806234
"352",0.148870329163239,0.0423849129173822,0.0996403099900672
"353",0.094652843171449,0.0330717758632634,0.0556633371890225
"354",0.0929806230620623,0.0340500258453356,0.0592511387161743
"355",0.152444592363874,0.0378907762468486,0.079251788407172
"356",0.241660590755336,0.0438519829286596,0.147019839191891
"357",0.176628774269052,0.0457162134740346,0.124147868906832
"358",0.0926541013416026,0.0414827846896239,0.0719512050004978
"359",0.115338897494132,0.0345858094756269,0.0657760319449535
"360",0.149767790865223,0.0377760755852029,0.0763689233810318
"361",0.191280125687039,0.0395170137040672,0.0956229247401224
"362",0.164280204525901,0.036985425781148,0.0765062235914703
"363",0.162915668913908,0.0442921987233959,0.103857547796104
"364",0.162816832879661,0.0453712467229269,0.102510576993903
"365",0.201057540187792,0.0463103338453306,0.126875313209274
"366",0.145970567244717,0.0380538481673197,0.0741160379050948
"367",0.150534441254402,0.035196352253102,0.0854921160103862
"368",0.146808692045035,0.0436011667111269,0.0955234561750593
"369",0.196649288673665,0.043454829509107,0.128165469065055
"370",0.105108268367643,0.0430422995080527,0.0793816161355787
"371",0.149066762879893,0.0427366558729675,0.0971483775008369
"372",0.121693308497671,0.043388134821929,0.0882909566600151
"373",0.250407776133164,0.0465343738901143,0.148591140426376
"374",0.166696312002695,0.0438160799273252,0.113587029786234
"375",0.119838781649521,0.0341615864615183,0.0626308797746853
"376",0.160561718249433,0.0371198931898911,0.0780481715576664
"377",0.12222004214753,0.0414724264191978,0.0871878291976888
"378",0.161665349211173,0.0359714827473584,0.0756282068329393
"379",0.135809575548076,0.0419208947488773,0.0940121397660511
"380",0.126104074034038,0.0357497889531238,0.0715262428325462
"381",0.0802977142916136,0.032761598363467,0.0520146290152198
"382",0.128520135468179,0.0364473149538995,0.0723273364221153
"383",0.128004799375492,0.0355081708244057,0.070969279325135
"384",0.17801899277149,0.0417293754282502,0.110547036082053
"385",0.181674726180767,0.0408675667782923,0.122082456134002
"386",0.158830460166679,0.0383437543962376,0.0817171768601951
"387",0.125546193178883,0.0357167417108549,0.0699122518075698
"388",0.122744511256823,0.0431423065299345,0.0867909246555841
"389",0.163252228366011,0.0384121533499974,0.083558224219346
"390",0.144400377940284,0.0364086817105594,0.0761113404588337
"391",0.155918403437795,0.0377216516971121,0.0810830769689705
"392",0.206906020445699,0.0395586326036335,0.0955651412271649
"393",0.132429901052046,0.0371849295125525,0.0694844938805581
"394",0.182192996168638,0.0459580020679883,0.117283816752271
"395",0.14272979963948,0.0386398199726457,0.0744559748757568
"396",0.173489818856084,0.0384768616638417,0.092315202557178
"397",0.0654833645371324,0.036245102167167,0.0557734028246894
"398",0.157918474422706,0.0434211181341159,0.103661612444984
"399",0.15780221190091,0.0437039670313928,0.104694345283803
"400",0.126328278575201,0.0446659956785259,0.0896597594104906
"401",0.216852983012081,0.0386407283620725,0.113009770636922
"402",0.178903811172024,0.0383897478168022,0.093262811181789
"403",0.23946473828517,0.0455669024157801,0.133262637934007
"404",0.109182163176714,0.0362012468952111,0.0648708484025398
"405",0.177440012698557,0.0435900862526902,0.124873774564131
"406",0.174430111377529,0.0382421742279873,0.0898108519621609
"407",0.103565134293829,0.0430063025001354,0.0797699665463679
"408",0.134101619220054,0.0444439963878712,0.0928254804579551
"409",0.141494319737994,0.0452448120594107,0.100045537639888
"410",0.170006717478195,0.0389417793330958,0.0835621585164386
"411",0.171752063724147,0.0447305395628911,0.108527375866511
"412",0.129396727715746,0.0369677625387783,0.074280555262798
"413",0.17383918440927,0.0439821267847401,0.10795531994558
"414",0.121821199020762,0.0339835619303162,0.0603783287563554
"415",0.181261916546292,0.0377794568608357,0.0934086178418971
"416",0.169258182245758,0.0418292809179595,0.107400177850028
"417",0.132407289018142,0.0361332861506897,0.0735645642934349
"418",0.127879662172446,0.0452921848875557,0.0911037597512325
"419",0.24985522293754,0.0472013889575274,0.146290648868542
"420",0.131682065686819,0.0432298938901062,0.0884009917399609
"421",0.233349767454679,0.0464833157464384,0.129964703355584
"422",0.173235672761199,0.0443950615767583,0.11511303036622
"423",0.141357581264255,0.0349152218025804,0.07517438773713
"424",0.175953053961836,0.0446624625329084,0.109231088306735
"425",0.178343146617463,0.0383401971025509,0.0883227497008373
"426",0.176220848954438,0.0392812632256167,0.0939641481865744
"427",0.206019612513315,0.0461990903903724,0.121939688032742
"428",0.148071129687657,0.036715580038658,0.0737212060436688
"429",0.134506040416931,0.0431387803014376,0.0928066525606802
"430",0.141681105516659,0.0356890135862114,0.0767107377716636
"431",0.132344891303978,0.0443649832806568,0.0872442348342743
"432",0.178857683288419,0.0376642567227864,0.0943451927054318
"433",0.214053904145411,0.045576193576441,0.126659550831021
"434",0.158929949146173,0.0380276490741335,0.0747032012690028
"435",0.267272623591266,0.0388619880330006,0.128862916692728
"436",0.111685414290664,0.0430887360320677,0.0812793981706748
"437",0.139967983603972,0.0374688622891695,0.0765202079566912
"438",0.179666028978925,0.0446359197751188,0.112979036885208
"439",0.156585014632134,0.0365688357328419,0.07425194272289
"440",0.140680256878714,0.0352080427715008,0.0748371468834277
"441",0.143001448617146,0.036352731380391,0.081406620035175
"442",0.168478365331061,0.0370604035626004,0.0860292710767991
"443",0.156325415524786,0.0428212579316431,0.111077985193796
"444",0.16865690565542,0.0442014233147382,0.104890619998313
"445",0.141551183251836,0.036546964483919,0.0743038252044212
"446",0.139731493660569,0.0365030122315618,0.0735463516959302
"447",0.228446679084559,0.0450429666135812,0.134784020086566
"448",0.14408045185183,0.0418431625462344,0.0942180377966703
"449",0.192489814369344,0.0451276234214611,0.113194467301458
"450",0.174665286484806,0.0441925422347755,0.112930867978193
"451",0.130989782713813,0.0438731876861605,0.0898680914964999
"452",0.160918512219352,0.0366638507726682,0.0852459860190116
"453",0.137415344119568,0.0367482884216342,0.0726693714138807
"454",0.0916760159398857,0.0386795324130032,0.071142398121917
"455",0.182387903086416,0.0445157948414593,0.13385692865682
"456",0.14335094617673,0.0337367501645511,0.0750491503581574
"457",0.177046675843196,0.0442685935673511,0.107018748053939
"458",0.135504455240941,0.0435272018671609,0.0922451232751653
"459",0.211626102604324,0.0449719837007618,0.126081860700324
"460",0.169154236930828,0.0405148213991639,0.0855327008610802
"461",0.176681933638825,0.044461594821968,0.115396102084175
"462",0.209103312973269,0.0457620297895124,0.132851243536307
"463",0.172265576336652,0.037681536561756,0.0859938775022629
"464",0.184783299957574,0.0449729902903161,0.1141555503222
"465",0.132532654054714,0.0382342749818355,0.0700440699466791
"466",0.133548117055407,0.0442571814452776,0.0907872813719265
"467",0.0984899155353244,0.0418670781095433,0.0744023839435182
"468",0.135862617110793,0.0358402295008899,0.0703797026086888
"469",0.216166077828698,0.0468559368085909,0.126687186247165
"470",0.133041686863098,0.0419789018187486,0.0892072499819618
"471",0.140272290061127,0.0364781706353303,0.074192110972642
"472",0.115470774448853,0.0424137420529908,0.0834954722201156
"473",0.119703369598514,0.0353419418154156,0.0671872846682427
"474",0.122914719117772,0.0362987604767122,0.0649693263952904
"475",0.229454032201526,0.0446007490456659,0.136219574080264
"476",0.09260645148547,0.0333695264521055,0.0571578003344695
"477",0.239071326773312,0.0456741193814465,0.144886926589579
"478",0.126470685752105,0.0360268127652809,0.0651668277108628
"479",0.0954448708616887,0.0339843441492117,0.0603005688148372
"480",0.125973256304642,0.0343488945194507,0.0702455418225206
"481",0.173104683314797,0.0447304263020881,0.104500597625784
"482",0.16736679883785,0.0370408176172681,0.0829934542946139
"483",0.184400090949055,0.0454313524583539,0.116462392346155
"484",0.118598568131033,0.0425439529054328,0.0839848056577054
"485",0.137413008177254,0.0445865626297864,0.0917321639439417
"486",0.322287914582689,0.0393499327576809,0.16517906030302
"487",0.225356713875404,0.0462620898674625,0.131054186724728
"488",0.190675025191516,0.038062272648453,0.0987095092729997
"489",0.13390273311293,0.0440244073614888,0.0880331814809562
"490",0.106185007894499,0.0435374011102433,0.0772137531885064
"491",0.151113840830957,0.0453726389485066,0.107569617791746
"492",0.145069605185811,0.0425422014572929,0.0960622914738177
"493",0.129749545494531,0.0458354154901179,0.0911671710386267
"494",0.136214886724105,0.0440427801288179,0.0906196922853281
"495",0.168215847788197,0.0461921649647308,0.107754716078925
"496",0.182449366423869,0.0447623743997979,0.112108417916741
"497",0.156585748409525,0.0446434957114456,0.107911664408126
"498",0.271761353254306,0.0402582191996355,0.125084390077656
"499",0.162087269469391,0.0361446761356607,0.082610054684309
"500",0.142943504826763,0.0368187133651188,0.074937076357077
"501",0.176114944356567,0.0461936304981588,0.111137149122898
"502",0.159949615726895,0.0450249518469435,0.105348809754422
"503",0.176365636652987,0.0464966141465992,0.106379709449134
"504",0.135133056247656,0.0434731338991375,0.0920239344925985
"505",0.126091351690685,0.046694649592726,0.0989612401121716
"506",0.16495353284505,0.0384158392065987,0.0870696656883619
"507",0.149953166535357,0.0432308404290661,0.101794958483571
"508",0.130885678007389,0.043875531096527,0.104008789372611
"509",0.17348222794987,0.043154316391412,0.12417122704576
"510",0.13913248699031,0.0465434802590845,0.0906537824073221
"511",0.197938134792465,0.0392070049050458,0.097902706547955
"512",0.206879385428483,0.0428154958450869,0.125063226880551
"513",0.160016685744364,0.0368562385349645,0.0818679788667454
"514",0.134601294618033,0.0348506365956275,0.0772755230018048
"515",0.123959606970255,0.0435705061668245,0.0856135326778238
"516",0.151224167112463,0.0454324996472202,0.100679490417964
"517",0.164142929583001,0.0380816376092136,0.0837543775020756
"518",0.116392384753313,0.0403566456137996,0.0804890953761811
"519",0.215837114376869,0.0438504267693883,0.134758525729327
"520",0.145719151420802,0.0426765157652298,0.0986245794768837
"521",0.409601237112637,0.0474913787778868,0.215866104453272
"522",0.174055947779396,0.0369714721446306,0.0778985953280319
"523",0.151046707377552,0.0371146089811059,0.0766885006548983
"524",0.207915142950183,0.0442842272465491,0.123043844330029
"525",0.201951713598426,0.0402649119751656,0.0967597190991873
"526",0.0888243766633088,0.0381174614023293,0.072998128727056
"527",0.176308059802214,0.0424959053212704,0.112619335704072
"528",0.110951058229339,0.0418253447872085,0.0784370038041021
"529",0.139339527292085,0.0449838135527104,0.0931619387318098
"530",0.187647323278364,0.0417646052585546,0.0871843138919114
"531",0.106550988667658,0.0425877581873046,0.0818767359908701
"532",0.307721178188366,0.0456341646498267,0.163099959281476
"533",0.176898588370898,0.0376354740924201,0.0876198267766809
"534",0.127810312166916,0.0443674348897062,0.0872581852577557
"535",0.117712590445681,0.0356742984295543,0.0701255339061264
"536",0.102701001568267,0.038239537596051,0.074040107358424
"537",0.178109945772797,0.038948566803522,0.0932019871773919
"538",0.11499771633069,0.0349511433219187,0.0619735176979112
"539",0.152432689437768,0.0454611674054452,0.102269012572756
"540",0.185582297822684,0.0444789824709296,0.111511834201735
"541",0.10809559312798,0.0349808162060346,0.0647110157006031
"542",0.121014069602967,0.0340604342531477,0.0616394685240078
"543",0.117942362189207,0.0344748425832762,0.0617028225827054
"544",0.121934252280379,0.0355068977441087,0.0702511464330591
"545",0.162935277677679,0.0386784868496524,0.0813626258932682
"546",0.15241381063939,0.0377992713381771,0.0831443473923538
"547",0.172818855338967,0.0449607445597791,0.124396599419502
"548",0.202775604273295,0.0459230048620818,0.126752349133161
"549",0.1191707024368,0.0355249212798292,0.0658967255422725
"550",0.191289579756832,0.0450482788607958,0.12087907281093
"551",0.201622376432263,0.0409997964208301,0.126287378589113
"552",0.122259082749342,0.0351014956301428,0.0667165333022135
"553",0.159671983578309,0.0460822600378052,0.105747929126752
"554",0.104881406463575,0.0345870668183351,0.0606395906290551
"555",0.145641434825393,0.0384850237729673,0.0761412134708107
"556",0.166701415809121,0.0386571557856021,0.0872991703837252
"557",0.155726035366871,0.0448794452293907,0.103662260246442
"558",0.165320004046215,0.0454852823675843,0.104406510715348
"559",0.104759412689098,0.0420490710960042,0.0758323514186712
"560",0.134546203619118,0.0366196499046265,0.0720626466862932
"561",0.201737844753351,0.0386650496408113,0.102107146669049
"562",0.135150065831462,0.0364051115922537,0.071770817776433
"563",0.163727642411396,0.0456659423414687,0.106545842421909
"564",0.121241621218553,0.0440673894901802,0.0930011985430165
"565",0.149991936600563,0.0373495196187501,0.0807518182332966
"566",0.224770024586129,0.0377298958208943,0.106672246926276
"567",0.134079361568306,0.0356431018231322,0.072645401948015
"568",0.125487358270935,0.0420817287456253,0.0928094380009647
"569",0.166370405536351,0.0451420140858751,0.108009166183104
"570",0.127524036009664,0.0348022553395346,0.0708418537391494
"571",0.110454051604639,0.0442014301249675,0.0849455289843365
"572",0.127620940339115,0.0333048620445666,0.0722690317904331
"573",0.239999492343649,0.0381805316240726,0.117613578455127
"574",0.159717785293407,0.0371585760385573,0.0833682104145039
"575",0.210013187592789,0.0443728537940157,0.140244651315033
"576",0.172391232666151,0.0436529356264782,0.118154316635756
"577",0.10843343871976,0.039983476960607,0.0772863162598783
"578",0.197888320521815,0.0398112953267924,0.0944740930692655
"579",0.108986261770104,0.0349746756935936,0.0643873216326701
"580",0.248293785103414,0.0405402041873909,0.123170271913138
"581",0.189582303186611,0.0450793522011215,0.121327609924513
"582",0.140627146877268,0.0375243941339678,0.0743977210481768
"583",0.0945709221814326,0.0349832763195748,0.0552090910472607
"584",0.142751179983939,0.0375261681010302,0.0792807706870738
"585",0.157209715606099,0.0455833827889799,0.106292222456188
"586",0.151697483718277,0.0370451775117988,0.0812524196668652
"587",0.279390624076637,0.0451030738764785,0.159964239697579
"588",0.153653663011171,0.0435673076623232,0.101277561057561
"589",0.209551936356956,0.0377398001943196,0.111794959672724
"590",0.132502644470883,0.0378722923441502,0.0737966753688922
"591",0.156630684445292,0.0365105028159507,0.077319908673648
"592",0.103339094732522,0.0354919881462716,0.0607334750596883
"593",0.182195525192703,0.0394890924682411,0.0941329864434235
"594",0.159371608913262,0.0438945405887274,0.102665743177381
"595",0.17249739107636,0.043287802043019,0.111402279417199
"596",0.150777841103693,0.0461665012638812,0.0986796095876473
"597",0.140876949007934,0.0356556687545439,0.0769142213519167
"598",0.192920357137765,0.0390163468495075,0.0971507892623942
"599",0.124102584365918,0.0455811291625836,0.0878856036872753
"600",0.169543464709857,0.0390328858958887,0.0825462587009807
"601",0.111770818702754,0.0413660249916406,0.0831461950624648
"602",0.142721177683157,0.04269952612226,0.0980921814631499
"603",0.175680096921653,0.0395166137971258,0.0918029019286059
"604",0.164413652778433,0.0428736759891081,0.106500451278564
"605",0.107495868391095,0.0342284936255333,0.0593992866183822
"606",0.3053302219043,0.0396908604379114,0.155317452580481
"607",0.158544812139498,0.0453677401131072,0.101539497773169
"608",0.173718217544423,0.0381624541222582,0.0920597750697525
"609",0.202275979088979,0.0383114432032596,0.101363750545695
"610",0.194461621528221,0.0380058626908568,0.0887274980409504
"611",0.19270758170219,0.0437817202519698,0.117436332077615
"612",0.13557480689415,0.0434957050949475,0.0910404614474385
"613",0.161001238892554,0.0374531117687259,0.084363418332081
"614",0.132773066661875,0.0361041025310093,0.0676149894393963
"615",0.172181053025831,0.0363792801070021,0.0834085600668363
"616",0.169041704134298,0.0429425570962818,0.104888358493836
"617",0.140601115391347,0.03717229717128,0.077091282691232
"618",0.154429102688732,0.0439107434668566,0.103539065276766
"619",0.184606197472185,0.0440047847497777,0.115245760337297
"620",0.123546833086647,0.0438877268895819,0.0872688524039587
"621",0.157417967985566,0.0371434009080366,0.0768022238057796
"622",0.161020940640144,0.0449551316646296,0.102312914972227
"623",0.122502690661027,0.0451270451022991,0.0878839635345366
"624",0.167567820057728,0.04270808976153,0.106198229041569
"625",0.138824692426367,0.0359408734636776,0.0709899107451408
"626",0.110669596021024,0.0391938657993928,0.078322830916994
"627",0.126981364569923,0.0452069360386799,0.0912358700294749
"628",0.13531846001415,0.0377298847806743,0.0697180618631222
"629",0.143389161748962,0.035144935742332,0.0761726270211668
"630",0.1693504615488,0.0397679834576911,0.0829031785007855
"631",0.139763676163688,0.0458910805543192,0.0936605091536188
"632",0.141367606132751,0.0371371398238402,0.0790111589137715
"633",0.179898712762581,0.0387068527146383,0.0897518902175559
"634",0.085296312922679,0.0408629764805565,0.0702702531293147
"635",0.133875306637296,0.035255584872205,0.0731405294829051
"636",0.127158758616391,0.0373569854336326,0.0676083865613179
"637",0.138279414045905,0.0440251495671515,0.0924828330166517
"638",0.130919887265631,0.0355621787955843,0.065614305743739
"639",0.152266847683032,0.0358842143050423,0.0844185714654345
"640",0.171196166389183,0.0372612324503438,0.092633319953233
"641",0.164541042004102,0.0380531609359506,0.0721106599294796
"642",0.115212962639752,0.0355276509358521,0.0669989202116154
"643",0.251663070412053,0.0416785038963755,0.123303675835298
"644",0.170871571190527,0.0450511973960229,0.104166238911519
"645",0.125246288966384,0.0418698712158472,0.0888990105098559
"646",0.278826502806905,0.0460247898080697,0.159289603832677
"647",0.227022882635757,0.0450415619810358,0.135569280406793
"648",0.16003891911437,0.0451957381146906,0.10332830565873
"649",0.158590510224067,0.0374251127420122,0.0818817596558928
"650",0.224675020119235,0.0412066709481698,0.11211853589736
"651",0.167666695251789,0.0468701495133571,0.107948784927355
"652",0.149500211662804,0.0446376348674397,0.0948087433390446
"653",0.189008803665983,0.0401294189544205,0.0914000392304152
"654",0.177634969372404,0.045557000681334,0.117171507304654
"655",0.122279984966426,0.0362080438415841,0.0648785156330086
"656",0.141830387583245,0.0437469013405204,0.0934811587260895
"657",0.196284775654119,0.0407537368532761,0.097921534930009
"658",0.176737291654627,0.0426311633757511,0.114176296474544
"659",0.144554086358659,0.045110809319895,0.0997688869571784
"660",0.16398493105916,0.0376776101531891,0.0775937180397006
"661",0.22862285358464,0.0450782994265672,0.141483487940591
"662",0.110216147855207,0.0419481047977462,0.0814317897113723
"663",0.120965458547288,0.0449392273258131,0.0875948043831995
"664",0.155784472198607,0.0371804242141909,0.0750149186477849
"665",0.121287054161092,0.0446275060282503,0.0871115041895778
"666",0.182094043760635,0.0447172476161514,0.110542278040706
"667",0.106646467131575,0.0346170029446157,0.0644538716843015
"668",0.179171431577121,0.0453389946483949,0.108067505430098
"669",0.138226979848111,0.0355440745815913,0.0729785402432774
"670",0.125493969971354,0.04113079585611,0.0917883984656296
"671",0.164132062775464,0.0382325546801151,0.0850939763713992
"672",0.0951575121757763,0.0379504632911388,0.0690408257972644
"673",0.164428308993768,0.0450607989456015,0.103159536522712
"674",0.191365689314288,0.0372957202293581,0.0993757822675134
"675",0.175528236093907,0.0451786912638196,0.11195316261459
"676",0.159764152495152,0.0453052787292843,0.100835940024296
"677",0.117960842410549,0.0354749475689622,0.0678810466868039
"678",0.125111862846424,0.0432593705069345,0.0919976260398004
"679",0.141499319950997,0.0367365464703688,0.0788503703676396
"680",0.158456410463661,0.0379943293934623,0.0752570821449174
"681",0.149421588893297,0.0367052425665738,0.0766254325056173
"682",0.144233226984401,0.0364863378159797,0.076705537055991
"683",0.175146239212249,0.0442956862572712,0.111331513182989
"684",0.14674646389516,0.0374650160286091,0.0805664233502325
"685",0.116868937220613,0.0363833588991309,0.0683178311131966
"686",0.15297926978865,0.0380942344969063,0.0771138938484014
"687",0.159216886021139,0.0357946658348347,0.0888847331844438
"688",0.149457095810997,0.0376820232053048,0.082667746619414
"689",0.161022997646541,0.0438304743563414,0.100213563064974
"690",0.136883683634652,0.0444225530551961,0.0918595427570803
"691",0.13147427620786,0.0432085508415266,0.0940199031161001
"692",0.137401260850482,0.0372833603788969,0.0721641839309702
"693",0.086634194596914,0.040450764107601,0.0685526755231
"694",0.134367549269652,0.0440837945032134,0.0884632179681556
"695",0.22030899026313,0.0452356818856697,0.131995526987072
"696",0.164058772497755,0.0391092082603025,0.0760734585527909
"697",0.149903708615299,0.0421471290692501,0.0962277903306565
"698",0.170164164597617,0.0444374931381259,0.102914713122991
"699",0.119428484271172,0.0354426151726065,0.0712111787394636
"700",0.162599157718987,0.0428621091848914,0.103267433956822
"701",0.129601046494529,0.0433516189919593,0.0894556450946511
"702",0.187979195094175,0.0468585549027488,0.11464225350353
"703",0.166105916586127,0.0389304383246799,0.0810147739615791
"704",0.120941111497281,0.0369432932746555,0.0652990026011327
"705",0.15746800073674,0.0458500897028008,0.101424428715955
"706",0.140623997369218,0.0364172110447208,0.0775086184152486
"707",0.135699220038645,0.0432522520344853,0.0933982002422213
"708",0.146331879254763,0.0460778343063854,0.0987178471099168
"709",0.155336527838872,0.044721021726704,0.10447699945654
"710",0.119220178031092,0.0353312141300371,0.0706073461371116
"711",0.149696278717099,0.0379085486099846,0.0789341627791649
"712",0.147728691982605,0.0358842043632887,0.0741646706744068
"713",0.215438767887501,0.0387592523451259,0.113624534465094
"714",0.0998170387015365,0.0417680231966633,0.0737288669284713
"715",0.163382685729637,0.0452462454019227,0.0990426948601815
"716",0.146196820767848,0.0360659312748546,0.0709870076539382
"717",0.192038953133658,0.0463183214955332,0.118535367915535
"718",0.11773651461007,0.0344082199928466,0.0624615460201476
"719",0.150630155608542,0.0449196373714904,0.0981044608119571
"720",0.161595110978651,0.044047174989708,0.106948192714022
"721",0.185874812932918,0.0465556919205664,0.116794145932762
"722",0.117646761066155,0.0357085617839156,0.0643751763477244
"723",0.237179368219416,0.0473802449442743,0.13504297013835
"724",0.149366292214766,0.0440699011227399,0.101617889312933
"725",0.160662168332701,0.0430165207832098,0.104253988320997
"726",0.190773007503191,0.0435558613747686,0.120532053100534
"727",0.134978859004529,0.0377195108021147,0.0732952661091546
"728",0.163231960525048,0.0381853735158321,0.0857654546146169
"729",0.107012591253967,0.0352878906603015,0.0642510320990189
"730",0.144257651592267,0.0426413996883567,0.0923008969192492
"731",0.139943084639945,0.0365966156121795,0.0741269647650717
"732",0.188918244607319,0.0445117989983695,0.123650912923963
"733",0.0892815205938183,0.0383195063335696,0.0690249177626552
"734",0.177197677551084,0.0464273309020938,0.111199297026226
"735",0.183188113845484,0.0462059722121011,0.123187522149525
"736",0.114511302693741,0.0344913040711056,0.0642310954458418
"737",0.179252060277666,0.040268428909391,0.0866686608189154
"738",0.164030760198059,0.0463810451634696,0.109982783106627
"739",0.159566377518453,0.0454755796691546,0.0987944985266456
"740",0.109790034439271,0.0339317068782342,0.0649101004438778
"741",0.15639952705501,0.0362645651751443,0.0828462786438818
"742",0.12736102769016,0.0446472973368827,0.088752883473451
"743",0.143078096415996,0.0361825359877858,0.0768631291679541
"744",0.184029457464718,0.0444383867438352,0.109576951218264
"745",0.218022916362372,0.0408669544956848,0.105328206558796
"746",0.147686644141135,0.0455512491183369,0.102406501230382
"747",0.083934876282045,0.0354263154145955,0.0563282810029517
"748",0.136521911484085,0.0357829240747185,0.0713969179903668
"749",0.181126209450427,0.0377912467160192,0.0917497594427492
"750",0.143947343903938,0.0452982280291365,0.0941668611232336
"751",0.139870083837161,0.0379546944299036,0.0782357794710894
"752",0.357886293495013,0.0392300950573829,0.154723726707534
"753",0.2077932564026,0.0397640242619372,0.0963422989947
"754",0.15952085339753,0.0357582236495439,0.089034340067164
"755",0.117948177811811,0.0423811115619843,0.0847959635784453
"756",0.139238707296263,0.0441170936207907,0.0917548141716644
"757",0.147753725265709,0.0385271185438442,0.0802151304244313
"758",0.107538333137112,0.0347280709707249,0.0648893775067847
"759",0.130109627301119,0.0359345730759996,0.0692094911174796
"760",0.152305555943836,0.0470398714122707,0.100191382651487
"761",0.193497650100955,0.0454913834716839,0.114857615438361
"762",0.195541557296605,0.0394341342090506,0.0977225079269388
"763",0.117229217353007,0.04077537092693,0.085079467652708
"764",0.190245992970053,0.042265118567006,0.117490397785166
"765",0.211679272840456,0.0401183126476834,0.0978557601625811
"766",0.163460704097905,0.0380136185577334,0.0804900211551986
"767",0.180269000431929,0.0444515585684283,0.106314633638391
"768",0.195455160988638,0.0452846473261038,0.125557011350993
"769",0.15420870790833,0.0431527407016334,0.101092836797285
"770",0.216667775033745,0.045463493222189,0.144362388682537
"771",0.173519276932585,0.0389368991127821,0.0910191783459437
"772",0.13663975867016,0.0425511706944038,0.0927759686156251
"773",0.181399414609623,0.0415750704171993,0.115957178828908
"774",0.153448580649113,0.0373693986015535,0.0811690754322076
"775",0.219196574588705,0.0459930892816923,0.122990950613585
"776",0.131835663149661,0.0382777031852152,0.0721410244093714
"777",0.165814392638287,0.0386480587050879,0.0828618571938378
"778",0.132219973578638,0.0359948861395186,0.0738264685549218
"779",0.0963875282091728,0.0405955872506018,0.0731223068875017
"780",0.131458692390336,0.0371779871191399,0.0691910193851314
"781",0.175004995896607,0.0368414345539472,0.0929561018148964
"782",0.161821680808771,0.038314398370642,0.0846633678727095
"783",0.138398182313632,0.036657870385837,0.073041030771038
"784",0.163072600798276,0.0385552498009004,0.0855611115211824
"785",0.123131904254329,0.0342545601051519,0.0624117145162675
"786",0.169679599875946,0.0389534815386902,0.0904182379941476
"787",0.228342433826554,0.0407705120678877,0.11273274952316
"788",0.121787815841403,0.0347886915311991,0.068081343815984
"789",0.129327253486872,0.0361535294397691,0.0706106887079559
"790",0.131128548068303,0.0377823934854564,0.0719948707133011
"791",0.183214740822051,0.0386310077755122,0.0920545112250116
"792",0.19007755684605,0.0457302588966492,0.114970045214875
"793",0.318166446098287,0.0453994070188478,0.178741152083476
"794",0.185161023862205,0.044966512930252,0.114574909996093
"795",0.222716624995306,0.0449732505783765,0.12732110140212
"796",0.0944187781870371,0.0336497273911201,0.054850793289092
"797",0.16391560346448,0.0379471403890127,0.0801284528502504
"798",0.131706116823838,0.0350917488393176,0.0687741368069425
"799",0.229518945500131,0.0417989343841432,0.110407114295883
"800",0.194531393311023,0.0464185660084662,0.114416094087691
"801",0.166754102384563,0.038223491479345,0.0884814965455876
"802",0.153732655218104,0.0358313297081293,0.0818752490824307
"803",0.120955790432903,0.0361547209090713,0.063889936743895
"804",0.1115115263918,0.0446986643280867,0.0789650616200474
"805",0.171043510244624,0.044219431411777,0.104755141582
"806",0.163173003299858,0.0383043424463647,0.0893571994436796
"807",0.140815497553541,0.0371583139920178,0.0764858269500951
"808",0.200604399497845,0.0439362692864257,0.12140511227503
"809",0.14277953524446,0.0367130540946069,0.0791164540181677
"810",0.155615643989747,0.0427770320329906,0.106706267194912
"811",0.148682637739031,0.0366765275788166,0.0719933090842901
"812",0.165809477675911,0.0451674954259451,0.111512747076613
"813",0.124961131454313,0.0354726846708371,0.065025275367435
"814",0.150685374400664,0.0451266459011366,0.10416798507116
"815",0.199838017817428,0.0382858572137963,0.097361386986373
"816",0.141989314848727,0.0446023371327349,0.0984037972210479
"817",0.107548604755253,0.0349432939738458,0.0623149178025291
"818",0.216853483683172,0.0379540791441445,0.107009178095359
"819",0.158998550023466,0.0361254382473873,0.0868137387818538
"820",0.166585376793727,0.0458013498159256,0.103580572035755
"821",0.15103337109247,0.0442943009293348,0.0992609108889774
"822",0.168674192351528,0.0380726241307415,0.0891745754729245
"823",0.130286784573528,0.0405524461057493,0.087504910949024
"824",0.1806372489362,0.0390821808050091,0.0946617700556469
"825",0.191418565614806,0.0383131732149927,0.0874263141565352
"826",0.149371685701962,0.0377937650126135,0.0833397647647243
"827",0.164594942489554,0.0383680190541378,0.0766923437929288
"828",0.124484658363403,0.0424346822709693,0.0857169825088992
"829",0.13954208898401,0.0377369502326312,0.0735525347886078
"830",0.165920537050339,0.0441436247268872,0.106775881892818
"831",0.185313400838629,0.04015640201673,0.0950201218024088
"832",0.214070873138784,0.0404816794823456,0.106760490502886
"833",0.117873715223676,0.0359523961089958,0.0623180340126439
"834",0.246767515285684,0.0386971259853676,0.115424042074143
"835",0.161843952686521,0.0382085718373944,0.0828130444584885
"836",0.190090133023245,0.045685915085844,0.113342781468156
"837",0.140776583445202,0.0362833865154001,0.0713386136096448
"838",0.201425484147909,0.0449662467652831,0.122050276635333
"839",0.250939093004436,0.0447784891737966,0.153863510740961
"840",0.126021681371775,0.0352133012498563,0.0661873347976886
"841",0.166473713865705,0.0381757112511448,0.0806442066638189
"842",0.230567840041622,0.0447928044951494,0.141459115381855
"843",0.185542463537662,0.0454072166134264,0.115436357432385
"844",0.136957293941541,0.0354653982206239,0.0787141138703045
"845",0.170501021948246,0.0434101163018016,0.1105743534067
"846",0.118073942000151,0.0442735840031633,0.0802104539512352
"847",0.138438499849572,0.0391175502888904,0.0668082248004132
"848",0.175407824925077,0.0451194521445842,0.114158406429851
"849",0.153233120584625,0.0379766681820181,0.078164769319966
"850",0.159093781650583,0.0439236212414275,0.0984160488073376
"851",0.171360224555106,0.037981795873355,0.0869293431605599
"852",0.19055568800109,0.0454542357840815,0.126229043098031
"853",0.118371584450353,0.0441800824816331,0.085841504049918
"854",0.126120092797183,0.0410667537832341,0.0854778805196981
"855",0.209947731385328,0.0397629830326681,0.102167916087727
"856",0.142006446079786,0.0438893171311592,0.0901748257747474
"857",0.248044359229235,0.039546169012776,0.127127846325957
"858",0.144801022355502,0.041148710615686,0.0984331118389301
"859",0.127390152617446,0.0372142163700361,0.0670851172120924
"860",0.13291223918942,0.0358172612277933,0.0717956223640421
"861",0.143912566860575,0.0381176712706974,0.0722756770968997
"862",0.136855538437923,0.0423366105020338,0.0956533867150438
"863",0.126394684488091,0.0435210571353877,0.0894995796649384
"864",0.179494109413874,0.0467764756348872,0.110618529046084
"865",0.144734771009707,0.0362729118192247,0.0809640206201345
"866",0.156798562968361,0.0462647896529964,0.103372449770699
"867",0.230487681578012,0.039545047276831,0.117927521495799
"868",0.171103681162967,0.0372846185289703,0.0827999792382502
"869",0.159997727671471,0.0394049738403587,0.0801155040194999
"870",0.233664056304178,0.0453760449859513,0.133079418810415
"871",0.169095314565668,0.0448707148727641,0.101645433459009
"872",0.121891509439132,0.0404148495006258,0.0854928381233124
"873",0.0306184214771361,0.0297548688181191,0.0339003013060984
"874",0.146480044745167,0.0453416710280274,0.0974609238228537
"875",0.153910047254555,0.0369595418765068,0.0832930135128029
"876",0.233363174204255,0.0389111755569136,0.115996461045989
"877",0.124871180019042,0.0454706884373877,0.0947888090229839
"878",0.146578043780045,0.0441620569519903,0.0977283467325375
"879",0.273747563219961,0.0449395563761661,0.151193688086687
"880",0.14326686716313,0.0371028541820706,0.0785557937743855
"881",0.148143950833638,0.0381831678171841,0.0758397625953299
"882",0.221030125174088,0.0463859386827653,0.125808621940155
"883",0.127576926270326,0.0453256482125,0.0990120540915483
"884",0.101062891672563,0.0330284209734957,0.0598051090656962
"885",0.15212394957759,0.0440078846516569,0.105223390265646
"886",0.10429501235409,0.0340071505937898,0.0607429955742741
"887",0.145881075771949,0.0366092968499426,0.0780296452409899
"888",0.166181961521602,0.0467671880780436,0.108096872686611
"889",0.147934586132788,0.0381354846477702,0.0784485342781193
"890",0.110292424617182,0.0432644046992559,0.0783212034763111
"891",0.162340772955592,0.0355621811619362,0.089860523602728
"892",0.178036476185803,0.0458448744696656,0.118774529516561
"893",0.0895392576892698,0.0405590409796479,0.0695376799807195
"894",0.111244815559259,0.0398736742979813,0.0802722563053057
"895",0.138541765396722,0.037580925192345,0.072964771623354
"896",0.227593128119632,0.0406306963964896,0.116004633862083
"897",0.164568467955382,0.0435540315127165,0.104461554865115
"898",0.162944906601831,0.045937195510671,0.0997243203598549
"899",0.136587340013156,0.0374858227367943,0.0755625770454903
"900",0.212450154588396,0.0432996579855661,0.130146439360963
"901",0.278908014387081,0.0469077572878943,0.160675948927523
"902",0.215031831537982,0.0396100970851435,0.107362951180488
"903",0.132222589111418,0.0356428230283947,0.0735020850766319
"904",0.118436484542673,0.034046431643482,0.0663309981372095
"905",0.173634540976896,0.0453873163682378,0.107268536741926
"906",0.284265184985172,0.0453385985165287,0.158169682590934
"907",0.167585168205083,0.0446641026245392,0.107707755603497
"908",0.152964073588232,0.0373048721273131,0.0802029753327509
"909",0.15432987449705,0.0369557271733906,0.0771218817350234
"910",0.0892344373536591,0.0361281003315389,0.0687065553365461
"911",0.188919273339856,0.0376298034311566,0.0988523882337196
"912",0.214784413483208,0.038562159346262,0.0960177631453188
"913",0.122527325516316,0.0352043802162976,0.0656458923089286
"914",0.114684311220431,0.0451362370622379,0.0816101650274414
"915",0.143438316353039,0.0447570706910049,0.0902038492813321
"916",0.164445655886167,0.0374403039429646,0.0847856550371659
"917",0.235511169069559,0.040757989538782,0.109041056746867
"918",0.177146428159143,0.0429906760610263,0.10632287442576
"919",0.167098412189265,0.0370130879591783,0.0903135570883484
"920",0.134990495268682,0.0418809374341013,0.100517371916858
"921",0.138643705453964,0.035587840678721,0.074746001445035
"922",0.269931305678583,0.0454075405922201,0.157552783078835
"923",0.147475368693298,0.0423534256158339,0.0937059510243307
"924",0.167236710510357,0.0450154005944308,0.105180832467629
"925",0.185980721785798,0.0433019739372212,0.123818726871287
"926",0.0933527738892187,0.0419804317313801,0.0767011131440936
"927",0.220023124256016,0.0424918218408989,0.137279352313122
"928",0.103909079162261,0.0417385608614748,0.0772666037054597
"929",0.171558998932282,0.046641134606816,0.10556258174656
"930",0.161035521047489,0.036769669924391,0.0800406251761658
"931",0.15328071376484,0.0461061820969649,0.100817961300374
"932",0.1436232123092,0.0456639145156189,0.0960418923872131
"933",0.165076357080058,0.0446503729205301,0.110817534421219
"934",0.202916984889385,0.0382843195158514,0.0924612705289377
"935",0.162403206689607,0.0386137991048285,0.0817411549805361
"936",0.201753982645698,0.0451328226661622,0.121896981892016
"937",0.177081698603767,0.0447307737237599,0.114240831267615
"938",0.183193561317301,0.0445981877900455,0.114643202359358
"939",0.127930532619327,0.0368055110027175,0.0703956022377892
"940",0.170681467685431,0.0457626249459428,0.117716062729063
"941",0.132529611386193,0.0427620008528658,0.0934609122360601
"942",0.100714833603626,0.0347900160973981,0.0603581291215048
"943",0.155627085245094,0.0367026847387422,0.0854924730712726
"944",0.187825606229205,0.0452954877613594,0.117533785117715
"945",0.152401113519242,0.0452605008244059,0.104529496410642
"946",0.164610383543081,0.0464071695363547,0.107339016158331
"947",0.173818040491381,0.0372606760728115,0.0833068630821054
"948",0.145954609316257,0.0374835861777277,0.0769754864432466
"949",0.113285437672778,0.0367511461960156,0.0665058949707659
"950",0.143558848563185,0.0378197390729081,0.071889213262295
"951",0.148211774692231,0.0357559856779302,0.0814372838152545
"952",0.188861502363625,0.0454710912637489,0.11519114502029
"953",0.203447764551169,0.0440398037431715,0.123738741035696
"954",0.152901484107454,0.0441551097918591,0.101986202879659
"955",0.136394599218525,0.0356214728733516,0.0736361242906808
"956",0.120977778733698,0.0431398015114062,0.0842598367632981
"957",0.126795518471576,0.043242101444176,0.0860601084158352
"958",0.21678193124682,0.044562521807698,0.130921809482163
"959",0.219249593891915,0.0399694398174474,0.1088255839033
"960",0.0860368629602106,0.0321870258681067,0.0559854024459893
"961",0.164333105634869,0.0373751660937887,0.0888871360667302
"962",0.170283596013885,0.044141460603241,0.107850398942749
"963",0.126583582127153,0.0371154127857087,0.0675669261479329
"964",0.189687845304029,0.0447212318409359,0.11000125522761
"965",0.0843551496533102,0.0332532111283382,0.0534410862248828
"966",0.0969261628349656,0.0414361670724889,0.0714096883385653
"967",0.162255351277997,0.0452823022840837,0.102341159121158
"968",0.176397676747998,0.0456399031521807,0.128958063997814
"969",0.143421977612732,0.0362111684988645,0.0764518825188747
"970",0.206886248026694,0.0447452889503862,0.137614556108019
"971",0.165892330939043,0.0369036745845537,0.0861060990060505
"972",0.13749821239652,0.0371457967147604,0.0743262547186293
"973",0.143940542033589,0.0359904970785978,0.0805784960471868
"974",0.189914329820051,0.0398079057093601,0.085761173675525
"975",0.176197796096568,0.039177354223022,0.09447711654977
"976",0.145174210224086,0.0430071849240101,0.098177838844231
"977",0.181802587947286,0.0449798274679728,0.118687625133706
"978",0.15917728687286,0.0435988044005409,0.100415190034444
"979",0.157107656957045,0.0364689036992282,0.0831313294540758
"980",0.0935049515619578,0.0433067898647959,0.0723520798625928
"981",0.128200932595018,0.0358283353798081,0.0722692158024577
"982",0.172455658014811,0.0455157240991456,0.106396782655206
"983",0.149240692133139,0.0453549914332329,0.0986145707666836
"984",0.185832997714275,0.0390613431583311,0.0859975707724712
"985",0.18715402675327,0.0451702801904788,0.123485258978965
"986",0.167075375960182,0.0425200332011408,0.106630124405088
"987",0.121088523735479,0.037553253813006,0.0665067737095533
"988",0.125097887495022,0.0352874100979846,0.071929988217547
"989",0.134085618406846,0.0380251967930455,0.07394559445941
"990",0.160337786920866,0.0449660221666825,0.104400650535256
"991",0.173679035713859,0.0442907959250851,0.120790356218009
"992",0.149485082807226,0.0456075672088763,0.0990188852827018
"993",0.0855463942385539,0.0324629666600496,0.0547815167660109
"994",0.172296485728068,0.038454731336828,0.0918437743985128
"995",0.195862820266171,0.0398916164587657,0.102429674800447
"996",0.219750638226856,0.0454150472266386,0.141327296693647
"997",0.167723295179462,0.0391305509459082,0.0858202128962982
"998",0.1459462568101,0.0383306174026332,0.0747661716312406
"999",0.164787119171169,0.0377243542092878,0.0907469094515529
"1000",0.104427750827728,0.0348456936125913,0.0647590164390573
